Unix Timestamp,Date,Symbol,Open,High,Low,Close,Volume LTC,Volume USDT
1513209600,2017-12-14,LTCUSDT,290.01,298,252,272.4,5674.54,1531985.28
1513296000,2017-12-15,LTCUSDT,272.4,314.21,239.99,294,16244.13,4569740.43
1513382400,2017-12-16,LTCUSDT,294,305,285,293.97,8895.82,2613906.45
1513468800,2017-12-17,LTCUSDT,293.97,328.8,290,311.4,14413.88,4534010.89
1513555200,2017-12-18,LTCUSDT,311.4,360.96,277,352,17036.7,5392264.44
1513641600,2017-12-19,LTCUSDT,352,366.96,303.01,338.48,22948.15,7772214.71
1513728000,2017-12-20,LTCUSDT,338.48,357,260,302.7,30690.38,9585330.99
1513814400,2017-12-21,LTCUSDT,302.7,325.16,267.01,302,25786.52,7664516.32
1513900800,2017-12-22,LTCUSDT,302,315,177.58,250.99,79087.15,18837182.49
1513987200,2017-12-23,LTCUSDT,250.99,301.52,214.91,253.44,37895.88,10203707.74
1514073600,2017-12-24,LTCUSDT,253.44,277,220.03,262.9,32326.46,8001799.81
1514160000,2017-12-25,LTCUSDT,262.9,277.5,251.4,261.2,23964.07,6345538.09
1514246400,2017-12-26,LTCUSDT,261.2,282.82,258,277.98,21653.41,5893565.88
1514332800,2017-12-27,LTCUSDT,277.98,284.34,245.29,262.59,24611.84,6627316.37
1514419200,2017-12-28,LTCUSDT,262.59,266.7,222.03,244.68,34229.82,8221447.54
1514505600,2017-12-29,LTCUSDT,244.68,261,233.97,237.49,34330.97,8381024.75
1514592000,2017-12-30,LTCUSDT,238.27,244,193.2,206.03,51557.24,11038801.73
1514678400,2017-12-31,LTCUSDT,206.03,234.37,202.98,223.69,29235.55,6381732.42
1514764800,2018-01-01,LTCUSDT,223.69,231.19,212.74,222.61,19752.04,4390692.78
1514851200,2018-01-02,LTCUSDT,222.61,256.49,222.61,247.33,60267.44,14713705.76
1514937600,2018-01-03,LTCUSDT,247.33,253.4,233.56,238.77,69849.41,17084871.2
1515024000,2018-01-04,LTCUSDT,238.77,240,219.38,233,76359.34,17533705.47
1515110400,2018-01-05,LTCUSDT,233,250.99,223.69,240.54,62007.7,14966496.93
1515196800,2018-01-06,LTCUSDT,240.54,315,238.73,275.28,90657.66,25346539.38
1515283200,2018-01-07,LTCUSDT,275.28,287,262,269.01,43098.38,11886498.84
1515369600,2018-01-08,LTCUSDT,269.01,271.82,212.74,252.65,73988.43,18528688.42
1515456000,2018-01-09,LTCUSDT,252.65,257.64,228.24,244.48,53009.1,13119277.68
1515542400,2018-01-10,LTCUSDT,244.48,248.99,225.05,247.63,68847.3,16376207.47
1515628800,2018-01-11,LTCUSDT,247.63,252.27,195.03,223.77,81633.51,18579910.43
1515715200,2018-01-12,LTCUSDT,223.77,240.45,213.01,233.11,44654.21,10312517.77
1515801600,2018-01-13,LTCUSDT,233.11,263.99,232.54,257.98,41660.7,10193639.27
1515888000,2018-01-14,LTCUSDT,257.98,271.64,222,234.12,60910.48,14819806.92
1515974400,2018-01-15,LTCUSDT,234.12,242.31,227.05,229.5,34741.88,8162019.2
1516060800,2018-01-16,LTCUSDT,229.5,242,135.67,179.28,144190.85,27492524.62
1516147200,2018-01-17,LTCUSDT,179.28,198.89,136.2,182.44,150456.56,25505427.84
1516233600,2018-01-18,LTCUSDT,182.44,202.19,170.5,186.14,95519.99,17972024.34
1516320000,2018-01-19,LTCUSDT,186.14,199,176.04,191.42,58272.97,11004028.89
1516406400,2018-01-20,LTCUSDT,191.42,215,190.67,210.4,58140.92,11866913.93
1516492800,2018-01-21,LTCUSDT,210.4,210.69,180,190.16,63536.08,12215933.89
1516579200,2018-01-22,LTCUSDT,190.16,195,163.44,178,59032.78,10568690.77
1516665600,2018-01-23,LTCUSDT,178,186.42,163.02,176.98,48354.87,8510743.33
1516752000,2018-01-24,LTCUSDT,176.98,186.3,171.58,180.89,41922.39,7498398.79
1516838400,2018-01-25,LTCUSDT,180.89,186,175.58,179.59,39050.23,7077645.74
1516924800,2018-01-26,LTCUSDT,179.59,183.06,165,177.09,48085.32,8383234.36
1517011200,2018-01-27,LTCUSDT,177.09,184,173,182.1,31178.22,5610381.2
1517097600,2018-01-28,LTCUSDT,182.1,198,181.7,196.74,46469.47,8841248.65
1517184000,2018-01-29,LTCUSDT,196.74,197.19,180.01,181.5,36089.78,6690226.64
1517270400,2018-01-30,LTCUSDT,181.5,181.96,160.59,168.21,55175.4,9472355.02
1517356800,2018-01-31,LTCUSDT,168.21,169.31,157.5,165.19,36422.67,5931110.62
1517443200,2018-02-01,LTCUSDT,165.19,167.2,132,143.69,63179.28,9440002.62
1517529600,2018-02-02,LTCUSDT,143.69,147,108.52,131.68,118936.31,15259967.41
1517616000,2018-02-03,LTCUSDT,131.68,166.99,120.06,160.3,138740.55,20695807.51
1517702400,2018-02-04,LTCUSDT,160.3,174.75,138,147.09,286765.63,44744813.53
1517788800,2018-02-05,LTCUSDT,147.09,153.96,116.6,125.17,284402.89,38073781.34
1517875200,2018-02-06,LTCUSDT,125.17,147,106.5,141,371295.09,46319333.05
1517961600,2018-02-07,LTCUSDT,141,157,130.01,137.21,171814.33,24771338.98
1518048000,2018-02-08,LTCUSDT,137.21,143.5,137.2,142.37,3805.94,536958.38
1518134400,2018-02-09,LTCUSDT,142.37,164.4,142.37,163.73,62982.31,9801312
1518220800,2018-02-10,LTCUSDT,163.73,169,146.01,154.65,128617.84,20386083.37
1518307200,2018-02-11,LTCUSDT,154.65,156.1,139,148.28,87860.62,13082088.06
1518393600,2018-02-12,LTCUSDT,148.28,163.75,146.04,161.49,89187.61,14063247.69
1518480000,2018-02-13,LTCUSDT,161.49,162.95,152,159.63,74813.3,11793127.27
1518566400,2018-02-14,LTCUSDT,159.63,218.6,158.94,212.25,682095.75,134269649.3
1518652800,2018-02-15,LTCUSDT,212.25,236.66,206.5,220.64,630340.79,140573098.5
1518739200,2018-02-16,LTCUSDT,220.64,235.58,208.56,228.08,382612.39,85025805.35
1518825600,2018-02-17,LTCUSDT,228.08,232.2,223.44,226.7,111303.29,25428247.18
1518912000,2018-02-18,LTCUSDT,226.7,226.7,226.7,226.7,0,0
1518998400,2018-02-19,LTCUSDT,213.13,226.5,196,221.44,156606.43,34485209.41
1519084800,2018-02-20,LTCUSDT,221.44,254.8,221,228.51,494653.82,118787838.2
1519171200,2018-02-21,LTCUSDT,228.51,233.53,203.12,209.6,460827.17,99905424.02
1519257600,2018-02-22,LTCUSDT,209.6,222,188,192.61,373177.08,75596952.27
1519344000,2018-02-23,LTCUSDT,192.61,216.28,182,206.76,400380.39,80450318.51
1519430400,2018-02-24,LTCUSDT,206.4,219,192.3,206.5,308918.73,63619362.84
1519516800,2018-02-25,LTCUSDT,206.5,223.17,198.94,217.78,301319.45,63624749.7
1519603200,2018-02-26,LTCUSDT,217.78,232.3,214.43,218.5,388551.79,86652638.93
1519689600,2018-02-27,LTCUSDT,218.5,224.36,211.8,214.6,239234.27,52174524.12
1519776000,2018-02-28,LTCUSDT,214.6,223.71,201.5,201.86,179133.66,38147428.83
1519862400,2018-03-01,LTCUSDT,201.86,215,200.2,209.17,118185.41,24624163.82
1519948800,2018-03-02,LTCUSDT,209.17,214.47,203.43,212.8,86839.72,18094091.43
1520035200,2018-03-03,LTCUSDT,212.8,218.39,208,210.04,115377.42,24769601.88
1520121600,2018-03-04,LTCUSDT,210.04,215.34,204.5,213.19,65017.59,13613171.9
1520208000,2018-03-05,LTCUSDT,213.19,217,208.17,210.14,68588.61,14589929.79
1520294400,2018-03-06,LTCUSDT,210.14,210.49,191.31,196.24,125176.97,25126008.17
1520380800,2018-03-07,LTCUSDT,196.24,199.28,173.08,185.46,220097.79,40947591.21
1520467200,2018-03-08,LTCUSDT,185.25,187.5,173.69,175.24,154675.26,27923780.1
1520553600,2018-03-09,LTCUSDT,175.24,190,157.68,185.79,294393.7,51107644.49
1520640000,2018-03-10,LTCUSDT,185.79,194.99,174.48,176.74,180506.91,33425714.1
1520726400,2018-03-11,LTCUSDT,176.74,194,169.85,188.16,188770.57,34481097.26
1520812800,2018-03-12,LTCUSDT,188.16,192.88,173.58,177.8,136568.66,25043486.08
1520899200,2018-03-13,LTCUSDT,177.8,182.9,170.51,175.01,111026.61,19521042.47
1520985600,2018-03-14,LTCUSDT,175.01,177.52,156.5,160.15,144191.09,23893362.04
1521072000,2018-03-15,LTCUSDT,160.15,167.7,149.55,164,197897.87,31679804.94
1521158400,2018-03-16,LTCUSDT,164,171.6,157.5,164.1,108953.04,17919163.37
1521244800,2018-03-17,LTCUSDT,164.1,165.96,150.2,151.75,101982.81,16023264.64
1521331200,2018-03-18,LTCUSDT,151.75,158,136.86,153.5,232005.63,34022095.79
1521417600,2018-03-19,LTCUSDT,153.5,163.88,150.66,161.2,164777.85,25809847.59
1521504000,2018-03-20,LTCUSDT,161.2,174,155.41,168.24,120799.34,19873712.43
1521590400,2018-03-21,LTCUSDT,168.24,175.88,165.22,168.54,107161.35,18299285.48
1521676800,2018-03-22,LTCUSDT,168.54,172.64,159.51,163.65,96917.56,16029058.35
1521763200,2018-03-23,LTCUSDT,163.65,169.5,156.13,168.66,78128.09,12568614.57
1521849600,2018-03-24,LTCUSDT,168.66,169.74,157.73,158.92,71250.11,11698142.38
1521936000,2018-03-25,LTCUSDT,158.92,162.89,156.75,160.01,45198.37,7218889.84
1522022400,2018-03-26,LTCUSDT,160.01,161.06,141.56,147.83,96047.78,14410102.67
1522108800,2018-03-27,LTCUSDT,147.83,149.34,134.4,135,99066.35,13947423.94
1522195200,2018-03-28,LTCUSDT,135,139.75,130.1,131.22,81371.59,10930045.56
1522281600,2018-03-29,LTCUSDT,131.22,132.6,112.51,114.7,180166.12,21600531.61
1522368000,2018-03-30,LTCUSDT,114.7,126.45,109.77,118.35,238488.17,27958440.09
1522454400,2018-03-31,LTCUSDT,118.35,124.28,115.26,116.05,123674.93,14838465.51
1522540800,2018-04-01,LTCUSDT,116.05,118.38,109.03,114.74,108801.63,12388533.35
1522627200,2018-04-02,LTCUSDT,114.74,121.71,113.54,119.05,88703.84,10496976.88
1522713600,2018-04-03,LTCUSDT,119.05,137.25,118,134.04,135053.96,17282660.72
1522800000,2018-04-04,LTCUSDT,134.04,134.77,115.2,118.07,163346.28,19990577.37
1522886400,2018-04-05,LTCUSDT,118.07,122.5,113.63,118.26,121928.37,14410605.64
1522972800,2018-04-06,LTCUSDT,118.26,120.15,111.31,112.79,79519.55,9092635.86
1523059200,2018-04-07,LTCUSDT,112.79,119.72,112.19,115.8,70389.38,8240475.97
1523145600,2018-04-08,LTCUSDT,115.8,118.49,115.34,117.55,41144.35,4811370.59
1523232000,2018-04-09,LTCUSDT,117.55,122.99,112.48,114.79,94078.8,11002284.96
1523318400,2018-04-10,LTCUSDT,114.79,115.26,111.25,114.25,53386.88,6074137.37
1523404800,2018-04-11,LTCUSDT,114.25,119.59,112.92,118.4,60770.36,6997572.85
1523491200,2018-04-12,LTCUSDT,118.4,130.9,112.92,129.67,221114.01,26848188.28
1523577600,2018-04-13,LTCUSDT,129.67,133.98,123.55,125.1,182051.61,23434953.46
1523664000,2018-04-14,LTCUSDT,125.1,129.71,124,126.4,75014.59,9503596.29
1523750400,2018-04-15,LTCUSDT,126.4,132.99,126.4,132.45,59546.93,7758540
1523836800,2018-04-16,LTCUSDT,132.45,133.49,124.88,128.96,84039.97,10759182.29
1523923200,2018-04-17,LTCUSDT,128.96,140.5,128.73,132.09,158559.79,21461841.47
1524009600,2018-04-18,LTCUSDT,132.09,141.43,131.5,140.36,98069.62,13457223.89
1524096000,2018-04-19,LTCUSDT,140.36,147.48,138.51,146.71,94358.79,13471987.65
1524182400,2018-04-20,LTCUSDT,146.71,156.49,142.62,155.71,133800.53,20061221.93
1524268800,2018-04-21,LTCUSDT,155.71,156.94,139.8,148.4,144769.02,21535569.78
1524355200,2018-04-22,LTCUSDT,148.4,153.14,144.26,146.38,81840.89,12210385.64
1524441600,2018-04-23,LTCUSDT,146.38,153.67,145.8,152.56,71383,10771030.96
1524528000,2018-04-24,LTCUSDT,152.56,166.29,152.44,164.78,169113.44,27273524.72
1524614400,2018-04-25,LTCUSDT,164.78,164.79,141.85,144.75,186194.72,28139486.83
1524700800,2018-04-26,LTCUSDT,144.75,154.84,142,153.19,96367.27,14233897.83
1524787200,2018-04-27,LTCUSDT,153.19,153.8,144.44,144.9,91900.14,13814877.19
1524873600,2018-04-28,LTCUSDT,144.9,153.74,144.49,152.1,78426.22,11811767.54
1524960000,2018-04-29,LTCUSDT,152.1,156.87,148,153.5,93424.54,14245173.98
1525046400,2018-04-30,LTCUSDT,153.5,154.9,147,148.37,89840.3,13549924.82
1525132800,2018-05-01,LTCUSDT,148.37,148.89,142.44,148.29,86214.91,12524601.59
1525219200,2018-05-02,LTCUSDT,148.29,153.76,146.21,151.58,73743.28,11013518.48
1525305600,2018-05-03,LTCUSDT,151.58,165.04,150,161.38,184228.64,29084242.18
1525392000,2018-05-04,LTCUSDT,161.38,172.1,157.1,169.44,168139.73,27585599.9
1525478400,2018-05-05,LTCUSDT,169.44,184.67,168.13,179.04,217607.21,38506889.63
1525564800,2018-05-06,LTCUSDT,179.04,184.98,164.8,172.32,191227.3,33136314.86
1525651200,2018-05-07,LTCUSDT,172.32,172.81,157.3,164.59,161935.54,26552795.16
1525737600,2018-05-08,LTCUSDT,164.59,168.66,155.05,158.89,109834.32,17805532.67
1525824000,2018-05-09,LTCUSDT,158.89,160.32,150,156.72,93873.33,14641800.49
1525910400,2018-05-10,LTCUSDT,156.72,160.9,147.22,148.16,84352.99,13103151.3
1525996800,2018-05-11,LTCUSDT,148.16,148.5,132.97,136.32,142174.16,20072461.57
1526083200,2018-05-12,LTCUSDT,136.32,144.47,130.32,141.57,89213.44,12362291.72
1526169600,2018-05-13,LTCUSDT,141.57,146.89,136.1,144.24,85935.09,12188350.45
1526256000,2018-05-14,LTCUSDT,144.24,152.95,134.19,147.42,163155.17,23402703.47
1526342400,2018-05-15,LTCUSDT,147.42,149.67,136.91,139.35,100628.9,14452355.45
1526428800,2018-05-16,LTCUSDT,139.35,140.86,133.5,138.92,68614.19,9393913.08
1526515200,2018-05-17,LTCUSDT,138.92,141.5,131,132.31,55830.71,7624502.55
1526601600,2018-05-18,LTCUSDT,132.31,137.49,128,135.95,64275.41,8527909.78
1526688000,2018-05-19,LTCUSDT,135.95,137.77,132.6,134.95,37000.27,5004523.54
1526774400,2018-05-20,LTCUSDT,134.95,141,132.5,139.64,45873.38,6323279.69
1526860800,2018-05-21,LTCUSDT,139.64,140.25,133.43,134.25,42493.03,5793627.5
1526947200,2018-05-22,LTCUSDT,134.25,136.25,127.31,127.89,40198.03,5284439
1527033600,2018-05-23,LTCUSDT,127.89,129.35,115.83,118.37,100713.55,12287825.07
1527120000,2018-05-24,LTCUSDT,118.37,124.85,114.7,122.58,77653.74,9329845.72
1527206400,2018-05-25,LTCUSDT,122.58,124.58,116.63,118.87,97116.11,11597298.95
1527292800,2018-05-26,LTCUSDT,118.87,122.46,117.18,118.45,120564.6,14474161.75
1527379200,2018-05-27,LTCUSDT,118.45,119,116.58,117.71,118029.45,13870132.8
1527465600,2018-05-28,LTCUSDT,117.71,118.97,110,110.82,73676.98,8457991.99
1527552000,2018-05-29,LTCUSDT,110.82,122.71,109.41,119.28,67969.6,8011651.63
1527638400,2018-05-30,LTCUSDT,119.28,122.73,114.69,117.18,45609.82,5428286.59
1527724800,2018-05-31,LTCUSDT,117.18,121.01,116.04,118.25,54242.29,6457864.91
1527811200,2018-06-01,LTCUSDT,118.25,120.4,116.62,120.19,50453.19,5991622.16
1527897600,2018-06-02,LTCUSDT,120.19,124.5,118.66,123.44,43615.36,5328169.19
1527984000,2018-06-03,LTCUSDT,123.44,127.98,122.23,125.33,51856.17,6507269.7
1528070400,2018-06-04,LTCUSDT,125.33,127.01,118,119.77,56734.51,6869287.87
1528156800,2018-06-05,LTCUSDT,119.77,122.6,115.77,122.18,46534.61,5540333.44
1528243200,2018-06-06,LTCUSDT,122.18,122.94,118,121.61,35679.38,4312922.19
1528329600,2018-06-07,LTCUSDT,121.61,123.84,119.4,121.54,37771.34,4594275.71
1528416000,2018-06-08,LTCUSDT,121.54,122.18,118.04,119.68,28256.88,3381708.71
1528502400,2018-06-09,LTCUSDT,119.68,120.93,116.7,117.4,16719.63,1994515.13
1528588800,2018-06-10,LTCUSDT,117.4,117.47,102.75,106.48,86509.67,9457090.91
1528675200,2018-06-11,LTCUSDT,106.48,108.42,102.7,107.2,55474.93,5862950.29
1528761600,2018-06-12,LTCUSDT,107.2,107.86,94.05,99.68,70687.37,7258970.12
1528848000,2018-06-13,LTCUSDT,99.68,100.45,86.71,93.37,165684.76,15662715.04
1528934400,2018-06-14,LTCUSDT,93.37,102.87,91.65,100.88,173013.06,16828405.16
1529020800,2018-06-15,LTCUSDT,100.88,100.98,94.49,95.5,153892.36,15058267
1529107200,2018-06-16,LTCUSDT,95.5,97.58,92.68,96.66,128484.33,12301030.89
1529193600,2018-06-17,LTCUSDT,96.66,98.2,94.51,94.95,118961.64,11468328.85
1529280000,2018-06-18,LTCUSDT,94.95,99.88,92.89,98.7,158977.62,15245671.36
1529366400,2018-06-19,LTCUSDT,98.7,120,96.91,98.67,128472.97,12681981.53
1529452800,2018-06-20,LTCUSDT,98.67,99.13,95.21,97.72,141065.74,13693762.15
1529539200,2018-06-21,LTCUSDT,97.72,99.3,96,96.72,137028.26,13307148.02
1529625600,2018-06-22,LTCUSDT,96.72,96.87,80.02,84.8,227437.27,19930761.42
1529712000,2018-06-23,LTCUSDT,84.8,86.77,81.31,82.73,164243.81,13712536.02
1529798400,2018-06-24,LTCUSDT,82.73,83.63,73.22,80.37,242561.19,19042590.65
1529884800,2018-06-25,LTCUSDT,80.37,84.38,78.55,81.48,162989.28,13241976.55
1529971200,2018-06-26,LTCUSDT,81.48,81.99,75,75.54,116237.8,9204468.29
1530057600,2018-06-27,LTCUSDT,75.54,81.75,74.87,80.6,138186.27,10829279.54
1530144000,2018-06-28,LTCUSDT,80.6,81.43,73.89,74.05,177544.28,13934896.79
1530230400,2018-06-29,LTCUSDT,74.05,80.79,72.15,78.94,180302.76,13484872.84
1530316800,2018-06-30,LTCUSDT,78.94,84.59,78.84,81.33,168691.67,13733139.45
1530403200,2018-07-01,LTCUSDT,81.33,81.83,77.73,79.95,144234.8,11501813.52
1530489600,2018-07-02,LTCUSDT,79.95,87.06,78.11,85.36,168888.33,13970321.25
1530576000,2018-07-03,LTCUSDT,85.36,90,83.64,85.09,189381.37,16423581.35
1530662400,2018-07-04,LTCUSDT,85.09,89.01,83.98,85.28,118099.97,10205310.8
1530748800,2018-07-05,LTCUSDT,85.28,87.11,81.77,83.33,168414.18,14195453.19
1530835200,2018-07-06,LTCUSDT,83.33,84.23,80.67,83.1,155273.94,12847137
1530921600,2018-07-07,LTCUSDT,83.1,85.35,79.4,84.79,160428.52,13107431.86
1531008000,2018-07-08,LTCUSDT,84.79,85.7,81.81,82.22,150327.89,12644602.68
1531094400,2018-07-09,LTCUSDT,82.22,83.12,79.8,80.46,163546.51,13372385.83
1531180800,2018-07-10,LTCUSDT,80.46,80.62,74.25,75.81,208142.74,16027420.23
1531267200,2018-07-11,LTCUSDT,75.81,80.98,75.31,78.18,189719.89,14687220.27
1531353600,2018-07-12,LTCUSDT,78.18,78.25,74,76.79,178676.36,13563484.78
1531440000,2018-07-13,LTCUSDT,76.79,78.6,74.96,76.53,166034.69,12787463.79
1531526400,2018-07-14,LTCUSDT,76.53,77.5,75.37,76.18,142274.26,10849187.18
1531612800,2018-07-15,LTCUSDT,76.18,79.5,75.1,78.54,149109.24,11539390.01
1531699200,2018-07-16,LTCUSDT,78.54,84.28,77.6,83.49,181456.52,14729078.81
1531785600,2018-07-17,LTCUSDT,83.49,90,81.3,89.06,202373.15,17223988.81
1531872000,2018-07-18,LTCUSDT,89.06,94.41,84.2,86.21,203874.58,18320646.12
1531958400,2018-07-19,LTCUSDT,86.21,89,84.8,86,152392.73,13194531.25
1532044800,2018-07-20,LTCUSDT,86,86.69,80.72,81.87,169944.01,14250234.3
1532131200,2018-07-21,LTCUSDT,81.87,84.93,79.5,83.44,133497.88,11041186.21
1532217600,2018-07-22,LTCUSDT,83.44,84.2,81.78,82.21,136861.83,11357466.62
1532304000,2018-07-23,LTCUSDT,82.21,85.96,81.1,81.38,141569.5,11842362.57
1532390400,2018-07-24,LTCUSDT,81.38,89.79,80.79,89.12,204738.2,17710088.27
1532476800,2018-07-25,LTCUSDT,89.12,90.75,84.81,86.38,162584.73,14166069.79
1532563200,2018-07-26,LTCUSDT,86.38,87.9,82.75,83.37,150518.37,12992229.44
1532649600,2018-07-27,LTCUSDT,83.37,85.12,81.37,84.39,156936.49,13097143.76
1532736000,2018-07-28,LTCUSDT,84.39,84.7,82.26,84.07,124720.86,10445741.64
1532822400,2018-07-29,LTCUSDT,84.07,85.38,83.22,83.85,119396.92,10018746.74
1532908800,2018-07-30,LTCUSDT,83.85,84.62,79.76,82.18,145674.65,12047882.02
1532995200,2018-07-31,LTCUSDT,82.18,82.63,76.02,78.69,156767.21,12399751.79
1533081600,2018-08-01,LTCUSDT,78.69,79.06,75.78,77.53,138942.32,10752291.06
1533168000,2018-08-02,LTCUSDT,77.53,78.35,75.33,76.11,132183.51,10158444.61
1533254400,2018-08-03,LTCUSDT,76.11,77.84,74.66,77.7,140944.86,10713351.46
1533340800,2018-08-04,LTCUSDT,77.7,78.15,72.1,73.13,148059.99,11161789.31
1533427200,2018-08-05,LTCUSDT,73.13,74.73,72.23,74.61,132939.19,9796506.2
1533513600,2018-08-06,LTCUSDT,74.61,76.7,72.35,73.62,136701.57,10151596.47
1533600000,2018-08-07,LTCUSDT,73.62,75.24,66.58,67.35,161134.87,11702423.86
1533686400,2018-08-08,LTCUSDT,67.35,67.49,60.8,62.13,184130.05,11872838.41
1533772800,2018-08-09,LTCUSDT,62.13,64.94,60,62.89,177031.98,11126983.51
1533859200,2018-08-10,LTCUSDT,62.89,63.14,58.12,59.16,179945.42,11039250.23
1533945600,2018-08-11,LTCUSDT,59.16,59.26,55,55.23,94015.62,5302614.37
1534032000,2018-08-12,LTCUSDT,55.23,55.23,55.23,55.23,0,0
1534118400,2018-08-13,LTCUSDT,59.32,60.61,55.52,56.44,190229.8,11040728.47
1534204800,2018-08-14,LTCUSDT,56.44,56.5,49.2,54.24,227769.51,11838707.66
1534291200,2018-08-15,LTCUSDT,54.24,59.2,53.7,54.32,229618.69,12863551.69
1534377600,2018-08-16,LTCUSDT,54.32,57.58,54.06,55.29,153065.02,8527202.42
1534464000,2018-08-17,LTCUSDT,55.29,61.89,54.99,61.75,228170.8,13278375.27
1534550400,2018-08-18,LTCUSDT,61.75,62.31,55.12,57.04,203669.53,11840687.5
1534636800,2018-08-19,LTCUSDT,57.04,58.98,56.1,57.67,181256.64,10394824.94
1534723200,2018-08-20,LTCUSDT,57.67,58.5,53.18,53.39,217425.6,12167551.05
1534809600,2018-08-21,LTCUSDT,53.39,56.82,53.21,56.42,174722.9,9629483.3
1534896000,2018-08-22,LTCUSDT,56.42,59.75,53.82,55.14,239853.27,13612474.77
1534982400,2018-08-23,LTCUSDT,55.14,57.89,54.8,57.29,166681.87,9298835.79
1535068800,2018-08-24,LTCUSDT,57.29,58.36,55.5,57.82,161696.04,9218796.08
1535155200,2018-08-25,LTCUSDT,57.82,58.38,56.93,57.89,144100.08,8323002.38
1535241600,2018-08-26,LTCUSDT,57.89,58.08,55.74,56.99,151708.45,8610398.49
1535328000,2018-08-27,LTCUSDT,56.99,61.17,56.52,60.61,171842.28,9942285.25
1535414400,2018-08-28,LTCUSDT,60.61,63.74,59.65,63.13,211807.59,12964437.34
1535500800,2018-08-29,LTCUSDT,63.13,63.4,60.14,61.41,184557.55,11429531.22
1535587200,2018-08-30,LTCUSDT,61.41,61.65,58.55,60.23,178191.93,10678407.34
1535673600,2018-08-31,LTCUSDT,60.23,62.75,59.55,62.04,173978.58,10597420.4
1535760000,2018-09-01,LTCUSDT,62.04,67.93,61.97,66.49,207325.27,13457262.67
1535846400,2018-09-02,LTCUSDT,66.49,67.3,64.15,66.21,179096.33,11756820.86
1535932800,2018-09-03,LTCUSDT,66.21,66.55,64.21,65.44,160310.54,10446863.06
1536019200,2018-09-04,LTCUSDT,65.44,69.45,65.36,67.6,217682.09,14754198.92
1536105600,2018-09-05,LTCUSDT,67.6,68.36,57.61,57.82,324641.82,20349800.72
1536192000,2018-09-06,LTCUSDT,57.82,57.89,53.96,57.61,247079.31,13766551.96
1536278400,2018-09-07,LTCUSDT,57.61,58.53,55,55.66,192256.09,10888634.15
1536364800,2018-09-08,LTCUSDT,55.66,57.22,51.87,53.07,185574.73,10209658.02
1536451200,2018-09-09,LTCUSDT,53.07,56.72,52.2,54.74,206671.7,11289121.29
1536537600,2018-09-10,LTCUSDT,54.74,56.59,53.03,54.34,225025.68,12267670.8
1536624000,2018-09-11,LTCUSDT,54.34,54.75,49.74,52.04,237671.7,12556619.18
1536710400,2018-09-12,LTCUSDT,52.04,52.14,47.21,51.69,270181.78,13449430.56
1536796800,2018-09-13,LTCUSDT,51.69,55.49,51.66,54.44,228570.89,12283504
1536883200,2018-09-14,LTCUSDT,54.44,59,52.83,56.24,279224.05,15509301.52
1536969600,2018-09-15,LTCUSDT,56.24,58.73,55.61,56.22,232555.28,13351058.65
1537056000,2018-09-16,LTCUSDT,56.22,57.55,54.35,56.75,190780.42,10723515.74
1537142400,2018-09-17,LTCUSDT,56.75,57.85,51.37,52.07,252221.97,13797730.39
1537228800,2018-09-18,LTCUSDT,52.07,55.52,50.41,53.96,222352,11747304.28
1537315200,2018-09-19,LTCUSDT,53.96,55.28,51.62,54.27,224782.35,12071555.92
1537401600,2018-09-20,LTCUSDT,54.27,57.42,53.28,56.53,191856.83,10468526.46
1537488000,2018-09-21,LTCUSDT,56.53,62.73,56.33,60.83,318266.49,18666908.98
1537574400,2018-09-22,LTCUSDT,60.83,61.9,58,60.65,209230.27,12533078.42
1537660800,2018-09-23,LTCUSDT,60.65,63.82,59.86,61.38,241349.8,14874885.52
1537747200,2018-09-24,LTCUSDT,61.38,61.56,57.02,58.01,228520.16,13441440.29
1537833600,2018-09-25,LTCUSDT,58.01,58.16,54.25,57.61,275284.18,15490878.03
1537920000,2018-09-26,LTCUSDT,57.61,59.85,56.4,57.18,222736.17,12866404.53
1538006400,2018-09-27,LTCUSDT,57.18,65.67,56.58,63.28,473644.3,29259273.39
1538092800,2018-09-28,LTCUSDT,63.28,65,60.14,61.95,299411.58,18716400.49
1538179200,2018-09-29,LTCUSDT,61.95,62.34,58.95,61.61,204302.36,12453191.22
1538265600,2018-09-30,LTCUSDT,61.61,63,59.81,61.21,219221.03,13396844.55
1538352000,2018-10-01,LTCUSDT,61.21,62.09,59.51,60.45,186807.14,11343712.05
1538438400,2018-10-02,LTCUSDT,60.45,61.8,59.02,59.46,188184.41,11367319.71
1538524800,2018-10-03,LTCUSDT,59.46,59.66,56.67,57.56,196850.67,11373752.95
1538611200,2018-10-04,LTCUSDT,57.56,59.4,57.39,58.42,163075.71,9579607.13
1538697600,2018-10-05,LTCUSDT,58.42,59.85,57.65,58.93,151069.84,8809817.16
1538784000,2018-10-06,LTCUSDT,58.93,59.17,56.92,57.96,145085.79,8431246.62
1538870400,2018-10-07,LTCUSDT,57.96,58.64,56.88,58.33,136938.72,7925314.87
1538956800,2018-10-08,LTCUSDT,58.33,60.26,57.63,59.66,175613.51,10343363.61
1539043200,2018-10-09,LTCUSDT,59.66,59.84,58.29,59.03,156017.95,9219873.43
1539129600,2018-10-10,LTCUSDT,59.03,59.18,57.37,58.46,155556.57,9040855.3
1539216000,2018-10-11,LTCUSDT,58.46,58.66,50.62,51.36,263885.57,13989211.97
1539302400,2018-10-12,LTCUSDT,51.36,54.26,50.87,53.74,203043.46,10774740.95
1539388800,2018-10-13,LTCUSDT,53.74,54.88,53.2,54.05,161498.35,8724617.38
1539475200,2018-10-14,LTCUSDT,54.05,54.44,52.11,52.61,170835.27,9177351.27
1539561600,2018-10-15,LTCUSDT,52.61,61.86,52.17,56.28,369423.99,21084449.42
1539648000,2018-10-16,LTCUSDT,56.28,56.28,55.81,55.81,0,0
1539734400,2018-10-17,LTCUSDT,55.54,55.72,54.32,55.27,188158.98,10378017.21
1539820800,2018-10-18,LTCUSDT,55.27,55.85,53,53.53,162108.38,8817190.56
1539907200,2018-10-19,LTCUSDT,53.53,54.74,53.31,53.71,130693.54,7036720.64
1539993600,2018-10-20,LTCUSDT,53.71,54.65,53.28,54.28,133931.33,7229428.35
1540080000,2018-10-21,LTCUSDT,54.28,54.9,53.44,53.61,139389.17,7554788.76
1540166400,2018-10-22,LTCUSDT,53.61,54.16,52.67,53.12,112547.01,6015297.44
1540252800,2018-10-23,LTCUSDT,53.12,53.97,52.53,53.33,56048.66,2982175.22
1540339200,2018-10-24,LTCUSDT,53.33,53.92,53,53.11,49932.77,2666264.77
1540425600,2018-10-25,LTCUSDT,53.11,53.27,52.52,52.84,43019.02,2276715.1
1540512000,2018-10-26,LTCUSDT,52.84,53.55,52.23,52.56,48735.86,2573982.95
1540598400,2018-10-27,LTCUSDT,52.56,53.08,51.72,52.25,38688.18,2029096.61
1540684800,2018-10-28,LTCUSDT,52.25,52.66,51.7,52.07,35112.27,1829554.35
1540771200,2018-10-29,LTCUSDT,52.07,52.26,48.17,49.21,91276.47,4571803.02
1540857600,2018-10-30,LTCUSDT,49.21,49.96,49.02,49.34,41563.18,2054764.25
1540944000,2018-10-31,LTCUSDT,49.34,50.71,47.71,49.93,57564.13,2852483.76
1541030400,2018-11-01,LTCUSDT,49.93,50.85,49.78,50.61,40391.81,2026889.24
1541116800,2018-11-02,LTCUSDT,50.61,52.2,50.56,51.78,55045.63,2832788.81
1541203200,2018-11-03,LTCUSDT,51.78,51.81,50.6,51.04,43625.15,2234040.95
1541289600,2018-11-04,LTCUSDT,51.04,56.33,50.77,54.6,128963.81,6964848.3
1541376000,2018-11-05,LTCUSDT,54.6,55.15,53.01,53.91,70607.7,3796990.25
1541462400,2018-11-06,LTCUSDT,53.91,56.88,53.87,56.48,81816.07,4492705.79
1541548800,2018-11-07,LTCUSDT,56.48,56.92,53.52,54.47,95042.71,5251687.33
1541635200,2018-11-08,LTCUSDT,54.47,55.12,52.42,52.72,70811.54,3794181.04
1541721600,2018-11-09,LTCUSDT,52.72,53.15,51.62,52.25,54032.63,2833547.22
1541808000,2018-11-10,LTCUSDT,52.25,53.08,51.97,52.48,37401.62,1966002.4
1541894400,2018-11-11,LTCUSDT,52.48,52.57,49.79,51.46,64230.53,3289295.57
1541980800,2018-11-12,LTCUSDT,51.46,52.04,50.59,51.26,59435.29,3044625.14
1542067200,2018-11-13,LTCUSDT,51.26,51.66,49.6,50.43,63177.54,3215344.67
1542153600,2018-11-14,LTCUSDT,50.43,51.08,42,45.05,295186.05,13375921.8
1542240000,2018-11-15,LTCUSDT,45.05,45.8,40.4,44.78,234227.72,10228637.06
1542326400,2018-11-16,LTCUSDT,44.78,44.95,42.38,42.89,125592.46,5466899.14
1542412800,2018-11-17,LTCUSDT,42.89,42.94,41.92,42.43,64635.53,2736319.98
1542499200,2018-11-18,LTCUSDT,42.43,43.84,42.11,42.61,68825.63,2952592.87
1542585600,2018-11-19,LTCUSDT,42.61,42.65,35.94,37.07,261140.2,9981997.07
1542672000,2018-11-20,LTCUSDT,37.07,38.8,31.47,33.8,470905.32,16356537.12
1542758400,2018-11-21,LTCUSDT,33.8,35.38,32.17,35.15,302791.22,10281548.65
1542844800,2018-11-22,LTCUSDT,35.15,35.68,31.84,32.11,138448.48,4723366.7
1542931200,2018-11-23,LTCUSDT,32.11,33.81,31.1,32.74,175920.74,5687854.29
1543017600,2018-11-24,LTCUSDT,32.74,34.3,29.07,29.73,171057.91,5362602.12
1543104000,2018-11-25,LTCUSDT,29.73,32.93,27.7,31.49,324932.93,9703725.69
1543190400,2018-11-26,LTCUSDT,31.49,32.88,28.66,30.18,339329.26,10443395.14
1543276800,2018-11-27,LTCUSDT,30.18,32.16,29.05,31.61,191211.44,5826130.26
1543363200,2018-11-28,LTCUSDT,31.61,36.51,31.39,34.74,255264.48,8698782.18
1543449600,2018-11-29,LTCUSDT,34.74,36,33.08,33.88,203799.52,7000986.57
1543536000,2018-11-30,LTCUSDT,33.88,34.53,31.07,32.21,176977.94,5762346.45
1543622400,2018-12-01,LTCUSDT,32.21,35.1,31.38,34.17,129280.92,4328332.33
1543708800,2018-12-02,LTCUSDT,34.17,35.24,33.21,33.82,124777.4,4253041.08
1543795200,2018-12-03,LTCUSDT,33.82,33.97,30.08,30.9,157096.77,4984608.19
1543881600,2018-12-04,LTCUSDT,30.9,32.25,29.87,31.13,123336.44,3866533.99
1543968000,2018-12-05,LTCUSDT,31.13,31.4,29.15,29.27,121128.16,3644344.46
1544054400,2018-12-06,LTCUSDT,29.27,30.49,26.25,26.78,182141.58,5207654.42
1544140800,2018-12-07,LTCUSDT,26.78,26.94,22.32,24.91,338490.77,8408038.29
1544227200,2018-12-08,LTCUSDT,24.91,26.63,22.89,24.22,268500.71,6582986.41
1544313600,2018-12-09,LTCUSDT,24.22,26.75,24.2,25.37,183082.4,4668704.79
1544400000,2018-12-10,LTCUSDT,25.37,25.82,23.67,24.14,157056.3,3852729.66
1544486400,2018-12-11,LTCUSDT,24.14,24.63,22.94,23.53,113958.2,2704219.29
1544572800,2018-12-12,LTCUSDT,23.41,24.98,23.2,24.13,114631.89,2789038.69
1544659200,2018-12-13,LTCUSDT,24.13,24.29,22.91,23.08,99880.69,2357344.4
1544745600,2018-12-14,LTCUSDT,23.08,23.76,22.5,23.34,114539.56,2648923.76
1544832000,2018-12-15,LTCUSDT,23.34,24.06,23.09,23.6,112447.73,2651011.34
1544918400,2018-12-16,LTCUSDT,23.6,26.96,23.48,25.52,278026.88,7197353.73
1545004800,2018-12-17,LTCUSDT,25.52,30.3,25.43,28.95,403903.06,11401336.15
1545091200,2018-12-18,LTCUSDT,28.95,30.15,27.39,29.89,236267.91,6788001.07
1545177600,2018-12-19,LTCUSDT,29.89,31.55,28.51,28.83,452662.95,13621692.59
1545264000,2018-12-20,LTCUSDT,28.83,32.76,28.52,32.18,340466.73,10486027.68
1545350400,2018-12-21,LTCUSDT,32.18,32.87,29.55,30.29,220141.41,6855059.68
1545436800,2018-12-22,LTCUSDT,30.29,31.49,29.7,31.33,105040.23,3204217.79
1545523200,2018-12-23,LTCUSDT,31.33,33.84,31.09,32.97,251121.08,8173316.98
1545609600,2018-12-24,LTCUSDT,32.97,36.12,32.17,32.68,297823.9,10297190.02
1545696000,2018-12-25,LTCUSDT,32.68,32.93,29.19,30.5,244724.63,7456432.39
1545782400,2018-12-26,LTCUSDT,30.5,31.68,28.79,30.3,171086.72,5153977.56
1545868800,2018-12-27,LTCUSDT,30.3,30.89,27.17,27.55,154765.76,4441460.89
1545955200,2018-12-28,LTCUSDT,27.55,33.08,27.39,31.8,234576.42,7192707.14
1546041600,2018-12-29,LTCUSDT,31.8,32.81,29.91,30.28,216293.44,6809016.58
1546128000,2018-12-30,LTCUSDT,30.28,32,29.68,31.38,149223.91,4623420.36
1546214400,2018-12-31,LTCUSDT,31.38,31.43,29.42,29.9,95707.05,2907040.5
1546300800,2019-01-01,LTCUSDT,29.9,31.8,29.56,31.48,101288.84,3104827.28
1546387200,2019-01-02,LTCUSDT,31.48,33.29,31.07,32.67,116532.6,3748516.43
1546473600,2019-01-03,LTCUSDT,32.67,32.8,30.62,31.39,93161.54,2952400.76
1546560000,2019-01-04,LTCUSDT,31.39,32.53,30.78,31.76,107064.53,3386998.25
1546646400,2019-01-05,LTCUSDT,31.76,35.95,31.76,34.33,324933,11104500.09
1546732800,2019-01-06,LTCUSDT,34.33,39.71,33.89,38.3,735627.09,27336171.99
1546819200,2019-01-07,LTCUSDT,38.3,39.04,36.53,37.35,433255.7,16354390.35
1546905600,2019-01-08,LTCUSDT,37.35,40.8,36.91,38.7,507945.49,19757692.96
1546992000,2019-01-09,LTCUSDT,38.7,39.72,38,38.17,304669.5,11820384.5
1547078400,2019-01-10,LTCUSDT,38.17,38.77,31,32.81,561810.6,19205656.74
1547164800,2019-01-11,LTCUSDT,32.81,33.22,29.68,31.49,339970.9,10916188.8
1547251200,2019-01-12,LTCUSDT,31.49,32.13,31.07,31.65,175413.35,5543957.61
1547337600,2019-01-13,LTCUSDT,31.65,32.63,29.12,29.59,222230.91,6860390.8
1547424000,2019-01-14,LTCUSDT,29.59,32.5,29.38,31.71,248712.93,7718304.41
1547510400,2019-01-15,LTCUSDT,31.71,32.27,29.95,30.75,209818.83,6565990.57
1547596800,2019-01-16,LTCUSDT,30.75,31.93,30.47,31.29,149649.28,4655680.04
1547683200,2019-01-17,LTCUSDT,31.29,31.55,29.8,31.4,198538.78,6095629.75
1547769600,2019-01-18,LTCUSDT,31.4,31.53,30.31,30.77,145433.64,4495126.75
1547856000,2019-01-19,LTCUSDT,30.77,32.92,30.77,32,160599.79,5132378.21
1547942400,2019-01-20,LTCUSDT,32,33.2,28.45,30.64,236639.06,7420455.34
1548028800,2019-01-21,LTCUSDT,30.64,31.22,30.34,30.82,109116.84,3356202.99
1548115200,2019-01-22,LTCUSDT,30.82,32,29.48,31.41,187571.13,5805497.45
1548201600,2019-01-23,LTCUSDT,31.41,32.18,31.24,31.69,122326.56,3880453.04
1548288000,2019-01-24,LTCUSDT,31.69,33.1,30.89,32.51,131477.3,4213772.31
1548374400,2019-01-25,LTCUSDT,32.51,33,31.87,32.69,165181.13,5354516.04
1548460800,2019-01-26,LTCUSDT,32.69,33.95,32.57,32.8,161820.92,5375591.15
1548547200,2019-01-27,LTCUSDT,32.8,33.2,31.05,32.21,170704.43,5531353.59
1548633600,2019-01-28,LTCUSDT,32.21,32.53,30,30.94,263484.43,8139726.59
1548720000,2019-01-29,LTCUSDT,30.94,31.26,29.91,30.81,133688.12,4101414.32
1548806400,2019-01-30,LTCUSDT,30.81,31.97,30.47,31.68,127710.4,4002085.3
1548892800,2019-01-31,LTCUSDT,31.68,32.33,31.08,31.41,151978.99,4796025.05
1548979200,2019-02-01,LTCUSDT,31.41,33.64,30.7,32.65,326403.57,10569199.61
1549065600,2019-02-02,LTCUSDT,32.65,35.01,32.44,34.59,261009.98,8702594.88
1549152000,2019-02-03,LTCUSDT,34.59,34.89,32.86,33.44,339716.17,11508355.98
1549238400,2019-02-04,LTCUSDT,33.44,34.5,33.36,34.09,204349.18,6936099.62
1549324800,2019-02-05,LTCUSDT,34.09,34.54,33.63,34.34,208323.41,7116078.19
1549411200,2019-02-06,LTCUSDT,34.34,34.5,32.25,32.79,306196.22,10068309.78
1549497600,2019-02-07,LTCUSDT,32.79,33.61,32.73,33.24,135860.1,4511154.79
1549584000,2019-02-08,LTCUSDT,33.24,44.85,32.75,42.99,1050941.61,41737676.67
1549670400,2019-02-09,LTCUSDT,42.99,46.95,42.05,44.68,950814.53,41962425.05
1549756800,2019-02-10,LTCUSDT,44.68,47.59,42,46.79,642478.04,28948316.26
1549843200,2019-02-11,LTCUSDT,46.79,46.87,41.81,42.9,543331.41,23810601.64
1549929600,2019-02-12,LTCUSDT,42.9,44.57,41.84,43.89,315143.46,13679137.63
1550016000,2019-02-13,LTCUSDT,43.89,44.66,40.64,41.61,322863.13,13702147.27
1550102400,2019-02-14,LTCUSDT,41.61,42.45,40.31,41.26,275147.63,11411387.51
1550188800,2019-02-15,LTCUSDT,41.26,44.6,41.06,42.58,374755.71,15873189.55
1550275200,2019-02-16,LTCUSDT,42.58,44.37,42.28,43.34,316163,13767501.56
1550361600,2019-02-17,LTCUSDT,43.34,45.13,42.6,43.91,320615.94,13974621.94
1550448000,2019-02-18,LTCUSDT,43.91,49.03,43.62,47.84,711893.39,32859498.89
1550534400,2019-02-19,LTCUSDT,47.84,49.1,46.56,47.14,391668.44,18723294.72
1550620800,2019-02-20,LTCUSDT,47.14,52.21,46.25,51.5,545068.36,27306383.73
1550707200,2019-02-21,LTCUSDT,51.5,51.65,47.35,48.94,370711.75,18327488.33
1550793600,2019-02-22,LTCUSDT,48.94,49.97,48.08,49.19,253703.48,12475336.8
1550880000,2019-02-23,LTCUSDT,49.19,51.88,48,51.4,391431.9,19613438.8
1550966400,2019-02-24,LTCUSDT,51.4,53.53,42.37,43.75,651377,30855732.1
1551052800,2019-02-25,LTCUSDT,43.75,46.85,43,45.4,367998.3,16574279.45
1551139200,2019-02-26,LTCUSDT,45.4,45.89,44.06,44.76,216189.67,9710911.16
1551225600,2019-02-27,LTCUSDT,44.76,45.53,42.51,45.16,216330.79,9629768.93
1551312000,2019-02-28,LTCUSDT,45.16,46.7,44.44,45.61,252499.31,11556687.87
1551398400,2019-03-01,LTCUSDT,45.61,48.95,45.53,47.05,325012.27,15394813.84
1551484800,2019-03-02,LTCUSDT,47.05,49.4,46.38,48.49,314209.25,15065529.13
1551571200,2019-03-03,LTCUSDT,48.49,49.1,47.18,47.86,211517.21,10189987.95
1551657600,2019-03-04,LTCUSDT,47.86,48.22,44.57,45.78,298990.02,13764622.05
1551744000,2019-03-05,LTCUSDT,45.78,54.25,45.38,52.52,757352.34,38524467.08
1551830400,2019-03-06,LTCUSDT,52.52,56.81,51.11,55.37,636551.14,34534125.78
1551916800,2019-03-07,LTCUSDT,55.37,59.12,53.77,56.73,780082.63,44152932.71
1552003200,2019-03-08,LTCUSDT,56.73,57.6,54.3,55.61,424172.41,23876529.26
1552089600,2019-03-09,LTCUSDT,55.61,59.83,55.38,57.78,399068.52,23002473.03
1552176000,2019-03-10,LTCUSDT,57.78,58.04,55.84,56.59,194580.37,11030096.87
1552262400,2019-03-11,LTCUSDT,56.59,57.37,54,54.82,308177.48,16987282.52
1552348800,2019-03-12,LTCUSDT,54.82,56.96,53.72,56.58,180830.11,10138730.18
1552435200,2019-03-13,LTCUSDT,56.58,56.84,54.3,55.29,227947.46,12697964.56
1552521600,2019-03-14,LTCUSDT,55.29,58.2,51.66,55.94,315536.96,17550306.92
1552608000,2019-03-15,LTCUSDT,55.94,59.15,55.94,58.52,284967.15,16416644.5
1552694400,2019-03-16,LTCUSDT,58.52,61.97,58.41,61.21,360460.47,21941725.06
1552780800,2019-03-17,LTCUSDT,61.21,61.32,59.57,60.47,171082.54,10363281.38
1552867200,2019-03-18,LTCUSDT,60.47,62.63,58.2,59.17,289936.21,17397131.79
1552953600,2019-03-19,LTCUSDT,59.17,59.96,59.13,59.7,23058.91,1374804.4
1554076800,2019-04-01,LTCUSDT,60.48,60.9,59.62,60.45,126461.16,7642821.92
1554163200,2019-04-02,LTCUSDT,60.45,78.4,59.95,76.78,766809.54,52653082.19
1554249600,2019-04-03,LTCUSDT,76.78,98.5,76.24,85.19,1420803.19,121983566.8
1554336000,2019-04-04,LTCUSDT,85.19,89.85,79.85,84.7,743331.48,63364689.72
1554422400,2019-04-05,LTCUSDT,84.7,89.85,83.65,88.24,354587.54,30929995.03
1554508800,2019-04-06,LTCUSDT,88.24,97.54,85,92.21,671343.38,62037241.58
1554595200,2019-04-07,LTCUSDT,92.21,95.44,88.74,91.55,392495.24,36265294.18
1554681600,2019-04-08,LTCUSDT,91.55,94,85.2,88.57,426141.1,37871671.87
1554768000,2019-04-09,LTCUSDT,88.57,88.71,82.61,86.17,306778.54,26401726.05
1554854400,2019-04-10,LTCUSDT,86.17,91.1,85.91,88.16,304931.06,26849189.95
1554940800,2019-04-11,LTCUSDT,88.16,88.45,74.64,78.88,637216.77,50619518.17
1555027200,2019-04-12,LTCUSDT,78.88,80.43,75,78.47,340433.74,26557664.64
1555113600,2019-04-13,LTCUSDT,78.47,81.02,75.51,77.62,270713.54,21205321.33
1555200000,2019-04-14,LTCUSDT,77.62,83.6,76.09,83.28,235078.27,18591013.81
1555286400,2019-04-15,LTCUSDT,83.28,84.41,75,78.07,422236.79,33795323.09
1555372800,2019-04-16,LTCUSDT,78.07,81.49,76.88,80.27,287022.41,22725428.8
1555459200,2019-04-17,LTCUSDT,80.27,81.5,78,78.77,225468.33,17906696.24
1555545600,2019-04-18,LTCUSDT,78.77,83.66,78.74,81.68,317845.15,25746535.51
1555632000,2019-04-19,LTCUSDT,81.68,83.17,79.48,82.05,258032.51,21009417.5
1555718400,2019-04-20,LTCUSDT,82.05,82.69,79.33,81.15,203629.87,16536448.69
1555804800,2019-04-21,LTCUSDT,81.15,81.85,72.86,76.65,385067.13,29337676.81
1555891200,2019-04-22,LTCUSDT,76.65,77.63,74.9,76.51,279060.6,21304379.99
1555977600,2019-04-23,LTCUSDT,76.51,79.29,73.33,73.7,395431.86,30541327.48
1556064000,2019-04-24,LTCUSDT,73.7,74.69,69.9,72.85,447755.3,32246829.72
1556150400,2019-04-25,LTCUSDT,72.85,74.43,70.6,71.78,298635.14,21717975.99
1556236800,2019-04-26,LTCUSDT,71.78,76.5,70.31,73.82,335188.24,24596464.49
1556323200,2019-04-27,LTCUSDT,73.82,74.01,71.83,72.23,100882.04,7361942.99
1556409600,2019-04-28,LTCUSDT,72.23,72.72,68.95,69.89,212284.93,15010432.53
1556496000,2019-04-29,LTCUSDT,69.89,70.37,66.5,67.87,198130.27,13524450.49
1556582400,2019-04-30,LTCUSDT,67.87,74.74,67.86,74.32,341633.6,24440096.58
1556668800,2019-05-01,LTCUSDT,74.32,75.36,71.78,73.36,264485.87,19412621.36
1556755200,2019-05-02,LTCUSDT,73.36,74.42,72.73,73.68,281640.86,20719724.6
1556841600,2019-05-03,LTCUSDT,73.68,80.58,73.31,79.22,515959.31,39941164.49
1556928000,2019-05-04,LTCUSDT,79.22,82.76,74.54,77.77,439233.64,34363166.22
1557014400,2019-05-05,LTCUSDT,77.77,78.16,75.4,75.7,231609.47,17739120.17
1557100800,2019-05-06,LTCUSDT,75.7,76.91,71.64,74.94,376504.33,27905909.22
1557187200,2019-05-07,LTCUSDT,74.94,78.75,74.94,77,154078.61,11902554.78
1557273600,2019-05-08,LTCUSDT,74.61,75.5,72.4,74.44,201993.73,14965472.64
1557360000,2019-05-09,LTCUSDT,74.44,75.9,72.77,74.19,235003.16,17422909.18
1557446400,2019-05-10,LTCUSDT,74.19,79.61,72.66,77.11,409093.5,31144479.19
1557532800,2019-05-11,LTCUSDT,77.11,95,76.85,86.59,867544.5,74455204.35
1557619200,2019-05-12,LTCUSDT,86.59,94.01,83,84.73,764256.93,67095052.76
1557705600,2019-05-13,LTCUSDT,84.73,92.49,84.1,87.16,604931.34,53406026.16
1557792000,2019-05-14,LTCUSDT,87.16,93.61,86.5,91.17,622705.75,56246286.05
1557878400,2019-05-15,LTCUSDT,91.17,104.25,89.69,102.02,636588.76,62765259.92
1557964800,2019-05-16,LTCUSDT,102.02,107.14,90.73,95.49,1120644.16,110205650
1558051200,2019-05-17,LTCUSDT,95.49,97.48,84.27,89.76,874247.45,77329447.44
1558137600,2019-05-18,LTCUSDT,89.76,90.51,85.11,86.51,370918.59,32510103.86
1558224000,2019-05-19,LTCUSDT,86.51,96.81,86.07,94.58,567095.48,52422493.62
1558310400,2019-05-20,LTCUSDT,94.58,94.58,87.11,91.1,434453.74,39451910.93
1558396800,2019-05-21,LTCUSDT,91.1,93.02,88.83,90.79,327119.26,29716571.6
1558483200,2019-05-22,LTCUSDT,90.79,92.04,85.83,87.74,294962.2,26432246.25
1558569600,2019-05-23,LTCUSDT,87.74,89.53,84.62,88.61,203086.54,17691445.36
1558656000,2019-05-24,LTCUSDT,88.61,103.77,88.01,100.5,792313.01,77787939.02
1558742400,2019-05-25,LTCUSDT,100.5,105.07,98.87,102.66,499663.24,51004911.94
1558828800,2019-05-26,LTCUSDT,102.66,114,97.5,111,621696.7,65077815.37
1558915200,2019-05-27,LTCUSDT,111,121.89,109.94,116.3,825895.33,94300587.45
1559001600,2019-05-28,LTCUSDT,116.3,118.22,111.08,114.81,383382.71,43908492.87
1559088000,2019-05-29,LTCUSDT,114.81,118.33,108,115.06,346396.72,39571415.39
1559174400,2019-05-30,LTCUSDT,115.06,120.35,102.4,107.78,672869.02,76045665.99
1559260800,2019-05-31,LTCUSDT,107.78,114.93,104.55,114.6,471676.5,51331749.19
1559347200,2019-06-01,LTCUSDT,114.6,116.28,110.51,112.35,308448.8,34990773.47
1559433600,2019-06-02,LTCUSDT,112.35,116.48,111.25,114.39,226547.1,25866967.7
1559520000,2019-06-03,LTCUSDT,114.39,116.2,105.01,105.99,421185.63,46984629.29
1559606400,2019-06-04,LTCUSDT,105.99,106.8,98.13,102.2,644335.58,66269633.89
1559692800,2019-06-05,LTCUSDT,102.2,105.21,100.11,103.66,366662.43,37664431.9
1559779200,2019-06-06,LTCUSDT,103.66,112.07,101,111.19,466044.8,49057396.04
1559865600,2019-06-07,LTCUSDT,111.19,121,109.53,116.71,586160.38,67659595.44
1559952000,2019-06-08,LTCUSDT,116.71,119.7,113.5,118.01,436290.37,50746744.97
1560038400,2019-06-09,LTCUSDT,118.01,118.94,111.02,114.66,406002.53,46769068.58
1560124800,2019-06-10,LTCUSDT,114.66,130.12,112.54,129.15,745348.84,91954336.32
1560211200,2019-06-11,LTCUSDT,129.15,138.56,124.85,135.69,799044.28,104404632.4
1560297600,2019-06-12,LTCUSDT,135.69,143.19,129.86,135.32,956734.71,131533302.4
1560384000,2019-06-13,LTCUSDT,135.32,136.52,127.92,130.55,454267.63,60411885.67
1560470400,2019-06-14,LTCUSDT,130.55,133.03,125.22,132,440196.86,57021252.4
1560556800,2019-06-15,LTCUSDT,132,139.5,132,137.54,373143.02,50640929.67
1560643200,2019-06-16,LTCUSDT,137.54,138.2,133.15,136.45,376799.6,51131358.6
1560729600,2019-06-17,LTCUSDT,136.45,136.82,131.53,133.8,291121.6,39110384.57
1560816000,2019-06-18,LTCUSDT,133.8,136.84,128,135.22,383578.13,50981766.26
1560902400,2019-06-19,LTCUSDT,135.22,139.5,133.5,136.43,355856.2,48749992.34
1560988800,2019-06-20,LTCUSDT,136.43,136.75,133,135.46,226850.96,30603464.78
1561075200,2019-06-21,LTCUSDT,135.46,141.29,131,138.28,375574.32,51637275.1
1561161600,2019-06-22,LTCUSDT,138.28,145.9,136.01,142.26,639352.08,90336908.73
1561248000,2019-06-23,LTCUSDT,142.26,143.34,136.15,137.5,263528.86,36988978.1
1561334400,2019-06-24,LTCUSDT,137.5,137.52,132.65,135.77,258596.21,34969926.9
1561420800,2019-06-25,LTCUSDT,135.77,138.63,129.75,136.33,327942.05,44157812.01
1561507200,2019-06-26,LTCUSDT,136.33,138.5,127.5,132.25,629352.42,84976316.38
1561593600,2019-06-27,LTCUSDT,132.25,133.5,111.82,116.01,880779.17,105461673.1
1561680000,2019-06-28,LTCUSDT,116.01,122.19,114.49,120.01,441066.23,52204244.98
1561766400,2019-06-29,LTCUSDT,120.01,137,116,133.86,617331.19,78653350.85
1561852800,2019-06-30,LTCUSDT,133.86,137.44,120.54,123.25,765492.01,99871807.4
1561939200,2019-07-01,LTCUSDT,123.25,127.03,113.82,123.17,582848.21,70505498.22
1562025600,2019-07-02,LTCUSDT,123.17,124,112.63,118.77,449632.37,52719298.59
1562112000,2019-07-03,LTCUSDT,118.77,123.15,116.78,121.36,352214.38,42268427.81
1562198400,2019-07-04,LTCUSDT,121.36,127.03,118.51,119.61,357102.83,43729065.15
1562284800,2019-07-05,LTCUSDT,119.61,120.99,116.22,118.35,215650.32,25630026.83
1562371200,2019-07-06,LTCUSDT,118.35,121.8,117.06,118.31,148220.23,17657169.24
1562457600,2019-07-07,LTCUSDT,118.31,120.35,117,119.48,137864.78,16349812.06
1562544000,2019-07-08,LTCUSDT,119.48,125.07,117.77,122.92,209879.55,25208763.63
1562630400,2019-07-09,LTCUSDT,122.92,124.08,117.64,119.24,222947.95,26891986.93
1562716800,2019-07-10,LTCUSDT,119.24,120.13,102.5,108.31,472054.96,51905195.72
1562803200,2019-07-11,LTCUSDT,108.31,108.33,95.21,102.98,537780.87,54642647.65
1562889600,2019-07-12,LTCUSDT,102.98,107.02,100.65,104.86,198512.93,20709496.17
1562976000,2019-07-13,LTCUSDT,104.86,105.03,97.64,101.03,222722.33,22594532.37
1563062400,2019-07-14,LTCUSDT,101.03,101.9,87.58,89.66,403388.72,37478831.09
1563148800,2019-07-15,LTCUSDT,89.66,92.99,84.6,90.43,369172.79,32869332.24
1563235200,2019-07-16,LTCUSDT,90.43,91.9,76.6,79.61,460482.59,38288091.02
1563321600,2019-07-17,LTCUSDT,79.61,94.65,71,89.95,582112.07,50578249.56
1563408000,2019-07-18,LTCUSDT,89.95,104.5,86.87,101.16,575722.95,55060870.29
1563494400,2019-07-19,LTCUSDT,101.16,101.26,94.73,98.23,350118.34,34175607.89
1563580800,2019-07-20,LTCUSDT,98.23,105.88,97.42,100.25,337421.19,34091609.67
1563667200,2019-07-21,LTCUSDT,100.25,101.41,96.4,99.7,237833.6,23463513.52
1563753600,2019-07-22,LTCUSDT,99.7,100.91,91.14,95.31,301079.8,28715000.68
1563840000,2019-07-23,LTCUSDT,95.31,95.35,88.62,90.15,255908.14,23398495.33
1563926400,2019-07-24,LTCUSDT,90.15,97.45,86.8,94.5,340266.53,31210688.2
1564012800,2019-07-25,LTCUSDT,94.5,96.67,91.06,93.22,219661.71,20701862.41
1564099200,2019-07-26,LTCUSDT,93.22,94.52,89.83,94.06,128320.7,11865994.56
1564185600,2019-07-27,LTCUSDT,94.06,96.09,86.67,88.79,204534.83,18524953.88
1564272000,2019-07-28,LTCUSDT,88.79,90.9,83.13,90,188288.43,16603788.81
1564358400,2019-07-29,LTCUSDT,90,92.26,87.48,90.33,227222.51,20493604.47
1564444800,2019-07-30,LTCUSDT,90.33,92.71,88.5,90.15,162084.86,14658208.22
1564531200,2019-07-31,LTCUSDT,90.15,99.95,89.81,98.76,270919.89,25888139.19
1564617600,2019-08-01,LTCUSDT,98.76,100.59,95.23,98.64,246741.88,24163102.28
1564704000,2019-08-02,LTCUSDT,98.64,98.77,92.52,94.76,273741.3,26261915.54
1564790400,2019-08-03,LTCUSDT,94.76,96.7,93.51,94.17,181620.32,17281875.73
1564876800,2019-08-04,LTCUSDT,94.17,94.8,90.11,92.64,201002.19,18576479.44
1564963200,2019-08-05,LTCUSDT,92.64,106.77,92.64,96.56,669121.2,66156358.8
1565049600,2019-08-06,LTCUSDT,96.56,99.32,91,92.99,356152.03,33900963.94
1565136000,2019-08-07,LTCUSDT,92.99,94.45,87.36,90.59,286103.64,26101524.69
1565222400,2019-08-08,LTCUSDT,90.59,92.75,87.72,90.15,219702.4,19746583.34
1565308800,2019-08-09,LTCUSDT,90.15,90.45,82.64,84.24,235877.2,20293462.7
1565395200,2019-08-10,LTCUSDT,84.24,87.5,82.27,85.46,233179.54,19848373.22
1565481600,2019-08-11,LTCUSDT,85.46,91.57,85.15,89.93,191404.21,16946969.38
1565568000,2019-08-12,LTCUSDT,89.93,90.04,85.45,85.79,144058.76,12535762.33
1565654400,2019-08-13,LTCUSDT,85.79,86.79,83.26,84.88,161450.11,13713739.38
1565740800,2019-08-14,LTCUSDT,84.88,86.32,75,75.9,294089.77,23648570.8
1565827200,2019-08-15,LTCUSDT,75.9,77.7,74.36,76.25,153221.2,11688433.63
1565913600,2019-08-16,LTCUSDT,76.25,76.42,72.34,74.67,181639.93,13525214.65
1566000000,2019-08-17,LTCUSDT,74.67,75.35,71.5,72.65,127074.74,9317965.98
1566086400,2019-08-18,LTCUSDT,72.65,78,71.4,76.25,165978.58,12506282.97
1566172800,2019-08-19,LTCUSDT,76.25,78.95,75.36,77.1,170841.71,13180161.94
1566259200,2019-08-20,LTCUSDT,77.1,77.3,73.31,75.14,127129.38,9573136.44
1566345600,2019-08-21,LTCUSDT,75.14,75.33,70.14,73.27,183276.04,13308246.27
1566432000,2019-08-22,LTCUSDT,73.27,74.64,71,73.31,155251.26,11365976.59
1566518400,2019-08-23,LTCUSDT,73.31,75.92,72.1,75.38,135339.28,10038643.22
1566604800,2019-08-24,LTCUSDT,75.38,75.65,71.39,73.32,115796.99,8472664.29
1566691200,2019-08-25,LTCUSDT,73.32,74.93,70.56,72.1,137820.86,10008150.67
1566777600,2019-08-26,LTCUSDT,72.1,75.46,72.09,73.54,180785.19,13386048.58
1566864000,2019-08-27,LTCUSDT,73.54,73.75,72.13,72.9,91499.97,6666431.52
1566950400,2019-08-28,LTCUSDT,72.9,73.14,65,66.73,278505.43,19106802.13
1567036800,2019-08-29,LTCUSDT,66.73,66.77,62,63.59,200361.28,12957820.71
1567123200,2019-08-30,LTCUSDT,63.59,65.6,62.16,64.17,184138.8,11747869.43
1567209600,2019-08-31,LTCUSDT,64.17,65.39,62.25,64.24,144091.04,9184949.3
1567296000,2019-09-01,LTCUSDT,64.24,67.21,63.74,65.89,155381.5,10146999.97
1567382400,2019-09-02,LTCUSDT,65.89,68.03,64.8,66.92,204016.01,13522316.88
1567468800,2019-09-03,LTCUSDT,66.92,71,66.47,69.06,274153.73,18805847.32
1567555200,2019-09-04,LTCUSDT,69.06,69.24,66.4,67.01,212164.53,14346292.76
1567641600,2019-09-05,LTCUSDT,67.01,67.39,64.14,65.23,161149.79,10563883.4
1567728000,2019-09-06,LTCUSDT,65.23,68,63.54,64.87,265058.58,17487541.68
1567814400,2019-09-07,LTCUSDT,64.87,70.57,64.53,68.77,293783.08,20014306.55
1567900800,2019-09-08,LTCUSDT,68.77,71.46,68,70.36,302287.55,21165347.3
1567987200,2019-09-09,LTCUSDT,70.36,71.38,67.73,69.89,222706.79,15484424.68
1568073600,2019-09-10,LTCUSDT,69.89,73.1,69.77,70.85,303863.01,21641815.81
1568160000,2019-09-11,LTCUSDT,70.85,71.81,68.25,69.8,202079.32,14155678.91
1568246400,2019-09-12,LTCUSDT,69.8,70,68.3,69.15,134044.46,9264422.18
1568332800,2019-09-13,LTCUSDT,69.15,69.58,67.36,68.93,152016.1,10421342.56
1568419200,2019-09-14,LTCUSDT,68.93,71.5,68.2,70.5,171040.25,11959201.38
1568505600,2019-09-15,LTCUSDT,70.5,71.28,69.5,70.04,119902.48,8424733.82
1568592000,2019-09-16,LTCUSDT,70.04,73.67,69.36,72.63,256458.96,18296645.47
1568678400,2019-09-17,LTCUSDT,72.63,77.59,72.15,74.04,321522.87,23811271.71
1568764800,2019-09-18,LTCUSDT,74.04,80.3,73.98,77.81,445381.92,34315218.03
1568851200,2019-09-19,LTCUSDT,77.81,80.9,72.62,76.56,495118.49,37244696.64
1568937600,2019-09-20,LTCUSDT,76.56,77.08,72.78,75.05,278080.89,20870923.39
1569024000,2019-09-21,LTCUSDT,75.05,75.58,72.06,73.22,206014,15188803.83
1569110400,2019-09-22,LTCUSDT,73.22,73.22,71.03,72.23,213220.39,15378495.73
1569196800,2019-09-23,LTCUSDT,72.23,74.24,61.88,66.54,497707.81,34506828.21
1569283200,2019-09-24,LTCUSDT,66.54,67.42,54.07,54.57,928159.24,56572141.67
1569369600,2019-09-25,LTCUSDT,54.57,58.34,52.84,57.43,757433.77,42206394.96
1569456000,2019-09-26,LTCUSDT,57.43,57.56,50.3,55.19,607647.43,33187734.34
1569542400,2019-09-27,LTCUSDT,55.19,56.61,52.61,55.86,382028.13,20894489.63
1569628800,2019-09-28,LTCUSDT,55.86,56.16,53.67,55.37,253273.02,13970165.4
1569715200,2019-09-29,LTCUSDT,55.37,55.58,52.13,53.82,221487.8,11873197.9
1569801600,2019-09-30,LTCUSDT,53.82,56.25,52.46,55.99,358806.67,19597480.12
1569888000,2019-10-01,LTCUSDT,55.99,57.6,54.82,55.63,327735.6,18376660.16
1569974400,2019-10-02,LTCUSDT,55.63,56.66,55.13,56.23,211333.25,11806179.95
1570060800,2019-10-03,LTCUSDT,56.23,57.07,53.62,56.44,244923.87,13599304.77
1570147200,2019-10-04,LTCUSDT,56.44,57.5,55.22,56.3,243387.58,13775318.88
1570233600,2019-10-05,LTCUSDT,56.3,57.4,55.57,56.69,174233.96,9814404.67
1570320000,2019-10-06,LTCUSDT,56.69,56.8,52.73,54.41,251420.08,13842071.54
1570406400,2019-10-07,LTCUSDT,54.41,58.65,53.25,57.46,305921.37,17240979.09
1570492800,2019-10-08,LTCUSDT,57.46,58.45,56.47,56.94,180570.77,10351170.14
1570579200,2019-10-09,LTCUSDT,56.94,60.06,56.6,59.12,333669.88,19497354.27
1570665600,2019-10-10,LTCUSDT,59.12,59.33,57,57.47,209504.88,12167190.56
1570752000,2019-10-11,LTCUSDT,57.47,58.42,55.33,55.85,259034.09,14627151.79
1570838400,2019-10-12,LTCUSDT,55.85,56.5,55.41,55.7,100732.27,5639522.08
1570924800,2019-10-13,LTCUSDT,55.7,57.69,55.47,56.46,154203.69,8737680.16
1571011200,2019-10-14,LTCUSDT,56.46,57.1,55.94,56.83,131206.46,7432523.8
1571097600,2019-10-15,LTCUSDT,56.83,57.39,53.4,54.58,320202.01,17703042.53
1571184000,2019-10-16,LTCUSDT,54.58,55.39,51,52.45,286016.36,15170664.59
1571270400,2019-10-17,LTCUSDT,52.45,55.22,51.57,54.94,233875.39,12509957.7
1571356800,2019-10-18,LTCUSDT,54.94,55.01,52.19,53.21,207740.59,11088415.49
1571443200,2019-10-19,LTCUSDT,53.21,54.16,52.54,53.72,147637.88,7887319.44
1571529600,2019-10-20,LTCUSDT,53.72,55.46,52.58,54.85,203161.12,10943989.8
1571616000,2019-10-21,LTCUSDT,54.85,55.74,53.67,54.57,201889.02,11013465.5
1571702400,2019-10-22,LTCUSDT,54.57,55.09,52.97,53.39,157317.33,8540550.44
1571788800,2019-10-23,LTCUSDT,53.39,53.44,47.1,49.5,488245.33,24353535.17
1571875200,2019-10-24,LTCUSDT,49.5,50.32,48.3,49.54,300150.98,14827862.31
1571961600,2019-10-25,LTCUSDT,49.54,58.7,49.01,56.93,729933.49,39678446.88
1572048000,2019-10-26,LTCUSDT,56.93,63.37,54.14,56.71,1001130.09,57858273.27
1572134400,2019-10-27,LTCUSDT,56.71,62.85,55.59,59.78,637183.9,37755443.69
1572220800,2019-10-28,LTCUSDT,59.78,62.47,57.4,57.7,526144.58,31080478.44
1572307200,2019-10-29,LTCUSDT,57.7,60.75,57.65,59.75,392503.06,23351832.66
1572393600,2019-10-30,LTCUSDT,59.75,61.05,56.88,57.89,334547.2,19657036.63
1572480000,2019-10-31,LTCUSDT,57.89,59.56,57.01,58.29,264389.23,15429394.48
1572566400,2019-11-01,LTCUSDT,58.29,58.8,56.68,58.23,217387.56,12580261.7
1572652800,2019-11-02,LTCUSDT,58.23,59.19,57.73,58.25,148040,8638974.47
1572739200,2019-11-03,LTCUSDT,58.25,58.75,57.18,58.29,139827.78,8101771.25
1572825600,2019-11-04,LTCUSDT,58.29,62.4,57.87,61.29,397561.5,24104526.52
1572912000,2019-11-05,LTCUSDT,61.29,64.15,60.89,63.12,513001.12,32106485.04
1572998400,2019-11-06,LTCUSDT,63.12,64.33,62.56,64.11,325257.55,20586153.78
1573084800,2019-11-07,LTCUSDT,64.11,64.33,60.27,61.39,311652.26,19356068.69
1573171200,2019-11-08,LTCUSDT,61.39,62.49,58.93,60.38,336581.3,20418958.33
1573257600,2019-11-09,LTCUSDT,60.38,62.37,60.17,62.04,191643.83,11740382.86
1573344000,2019-11-10,LTCUSDT,62.04,66.19,60.8,63.65,414899.27,26328556.86
1573430400,2019-11-11,LTCUSDT,63.65,64.33,60.47,61.84,397237.5,24740993.28
1573516800,2019-11-12,LTCUSDT,61.84,62.25,59.75,61.42,292022.86,17892321.64
1573603200,2019-11-13,LTCUSDT,61.42,62.05,60.27,60.96,171931.4,10498566.5
1573689600,2019-11-14,LTCUSDT,60.96,61.1,58.25,59,282819.99,16806068.27
1573776000,2019-11-15,LTCUSDT,59,60.75,56.2,57.6,321897.71,18784626.55
1573862400,2019-11-16,LTCUSDT,57.6,58.98,57.14,58.3,133833.81,7764551.51
1573948800,2019-11-17,LTCUSDT,58.3,59.97,57.55,59.22,186192.62,11005051.55
1574035200,2019-11-18,LTCUSDT,59.22,59.3,54,55.81,284165.64,16144550.37
1574121600,2019-11-19,LTCUSDT,55.81,56.23,54.2,55.13,238959.95,13201926.31
1574208000,2019-11-20,LTCUSDT,55.13,56.16,54.61,54.98,220245.17,12171763.36
1574294400,2019-11-21,LTCUSDT,54.98,55.29,48.51,50.61,422749.17,21933281.3
1574380800,2019-11-22,LTCUSDT,50.61,51.55,43.58,47.32,884737.69,42099288.14
1574467200,2019-11-23,LTCUSDT,47.32,48.53,46.13,48.1,294227.47,13929351.33
1574553600,2019-11-24,LTCUSDT,48.1,48.24,43.45,43.86,409174.45,18718550.56
1574640000,2019-11-25,LTCUSDT,43.86,47.42,42.04,45.47,551886.22,24820179.26
1574726400,2019-11-26,LTCUSDT,45.47,47.57,45.22,46.91,305145.28,14158119.29
1574812800,2019-11-27,LTCUSDT,46.91,48.69,44.51,47.7,445111.67,20791202.62
1574899200,2019-11-28,LTCUSDT,47.7,48,46.01,46.79,263705.31,12477895.15
1574985600,2019-11-29,LTCUSDT,46.79,49.33,46.73,48.54,295593.48,14245860.88
1575072000,2019-11-30,LTCUSDT,48.54,48.76,46.53,47.21,266165,12711995.72
1575158400,2019-12-01,LTCUSDT,47.21,48.44,45.5,47.45,309803.83,14504737.06
1575244800,2019-12-02,LTCUSDT,47.45,47.57,44.71,45.45,297554.38,13657028.06
1575331200,2019-12-03,LTCUSDT,45.45,46.22,44.26,44.75,318882.65,14461799.46
1575417600,2019-12-04,LTCUSDT,44.75,46.98,43.69,44.67,542130.42,24469507.97
1575504000,2019-12-05,LTCUSDT,44.67,45.21,43.7,44.81,435854.57,19399131.28
1575590400,2019-12-06,LTCUSDT,44.81,45.5,44.05,45.28,270376.72,12111138.81
1575676800,2019-12-07,LTCUSDT,45.28,46.5,44.94,45.15,190607.85,8689025.35
1575763200,2019-12-08,LTCUSDT,45.15,46.2,44.81,45.56,130591.46,5935951.84
1575849600,2019-12-09,LTCUSDT,45.56,45.87,44.04,44.45,210643.52,9479565.33
1575936000,2019-12-10,LTCUSDT,44.45,44.67,43.6,44.09,147585.13,6521885.92
1576022400,2019-12-11,LTCUSDT,44.09,44.46,43.27,43.7,130773.19,5737499.07
1576108800,2019-12-12,LTCUSDT,43.7,44.11,42.84,43.65,164308.78,7148786.49
1576195200,2019-12-13,LTCUSDT,43.65,44.55,43.43,44.44,126813.56,5571603.24
1576281600,2019-12-14,LTCUSDT,44.44,44.67,43.19,43.25,119817.26,5246115.76
1576368000,2019-12-15,LTCUSDT,43.25,44.04,42.9,43.44,103625.68,4503153.13
1576454400,2019-12-16,LTCUSDT,43.44,43.56,39.02,39.99,385062.77,15767215.09
1576540800,2019-12-17,LTCUSDT,39.99,40.13,36.1,36.92,634557.47,24276597
1576627200,2019-12-18,LTCUSDT,36.92,41.71,35.78,40.79,651374,25067258.73
1576713600,2019-12-19,LTCUSDT,40.79,41.1,39.06,39.65,237647.25,9467762.27
1576800000,2019-12-20,LTCUSDT,39.65,40.41,39.25,40.17,150261.39,6000734.25
1576886400,2019-12-21,LTCUSDT,40.17,40.22,39.41,39.67,90695.77,3608407.15
1576972800,2019-12-22,LTCUSDT,39.67,42.16,39.62,41.82,203212.35,8364458.21
1577059200,2019-12-23,LTCUSDT,41.82,42.67,40.21,40.56,284475.73,11859252.75
1577145600,2019-12-24,LTCUSDT,40.56,41.13,39.68,40.34,208671.82,8438416.6
1577232000,2019-12-25,LTCUSDT,40.34,40.48,39.38,40.08,135516.08,5419411.88
1577318400,2019-12-26,LTCUSDT,40.08,41.73,39.58,40.01,195449.8,7908892.8
1577404800,2019-12-27,LTCUSDT,40.01,41.5,39.67,40.95,217042.36,8813485.59
1577491200,2019-12-28,LTCUSDT,40.95,43.76,40.91,42.83,275824.68,11708079.58
1577577600,2019-12-29,LTCUSDT,42.83,43.76,42.14,43.08,329219.55,14135949.38
1577664000,2019-12-30,LTCUSDT,43.08,44.18,41.82,42.38,291683.98,12504951.14
1577750400,2019-12-31,LTCUSDT,42.38,43.05,41,41.3,196467.38,8237875.47
1577836800,2020-01-01,LTCUSDT,41.3,42.08,41.16,41.62,109321.56,4558043.81
1577923200,2020-01-02,LTCUSDT,41.62,41.74,39.17,39.43,191389.25,7712908.45
1578009600,2020-01-03,LTCUSDT,39.43,42.39,38.77,42.23,418116.78,17201259.59
1578096000,2020-01-04,LTCUSDT,42.23,42.9,41.77,42.78,245270.35,10386060.26
1578182400,2020-01-05,LTCUSDT,42.78,44.61,42.6,43.3,287155.59,12474922.7
1578268800,2020-01-06,LTCUSDT,43.3,46.08,43.16,45.8,377577.95,16871744.15
1578355200,2020-01-07,LTCUSDT,45.8,47.03,44.48,46.3,477292.02,21829446.86
1578441600,2020-01-08,LTCUSDT,46.3,48.54,44,45.35,613014.54,28497979.38
1578528000,2020-01-09,LTCUSDT,45.35,45.79,43.9,44.74,291057.4,13052064.96
1578614400,2020-01-10,LTCUSDT,44.74,49.72,43.71,49.06,710835.39,33732963.87
1578700800,2020-01-11,LTCUSDT,49.06,51.95,47.77,49.3,663081.15,33035830.71
1578787200,2020-01-12,LTCUSDT,49.3,51.75,48.78,51.43,519581.7,26285002.15
1578873600,2020-01-13,LTCUSDT,51.43,51.6,48.91,49.6,370372.43,18502475.96
1578960000,2020-01-14,LTCUSDT,49.6,60.8,49.58,58.39,1176597.39,65695980.18
1579046400,2020-01-15,LTCUSDT,58.39,60.33,55.28,58.16,693634.97,40303961.49
1579132800,2020-01-16,LTCUSDT,58.16,58.5,54.5,57.56,463815.57,26290112.47
1579219200,2020-01-17,LTCUSDT,57.56,63.26,56.72,61.02,740761.12,44638354.25
1579305600,2020-01-18,LTCUSDT,61.02,62.5,57.9,59.32,483328.39,29062994.79
1579392000,2020-01-19,LTCUSDT,59.32,62.55,55.34,57.6,505199.82,29676460.3
1579478400,2020-01-20,LTCUSDT,57.6,58.29,55.84,57.19,257070.47,14692737.44
1579564800,2020-01-21,LTCUSDT,57.19,58.09,55.91,57.57,211047.73,12097072.6
1579651200,2020-01-22,LTCUSDT,57.57,59.33,57.18,58.33,209469.12,12180854.87
1579737600,2020-01-23,LTCUSDT,58.33,58.4,52.42,54.52,450528.34,24827108.88
1579824000,2020-01-24,LTCUSDT,54.52,55.41,50.64,54.38,535192.99,28531770.58
1579910400,2020-01-25,LTCUSDT,54.38,54.41,51.9,53.25,275435.92,14684426.76
1579996800,2020-01-26,LTCUSDT,53.25,56.68,52.8,56.24,338835.23,18547883.97
1580083200,2020-01-27,LTCUSDT,56.24,59.65,55.87,58.55,490580.58,28426658.1
1580169600,2020-01-28,LTCUSDT,58.55,61.61,57.28,60.52,698209.98,41627597.64
1580256000,2020-01-29,LTCUSDT,60.52,62.56,59.4,59.8,552932.08,33652516.59
1580342400,2020-01-30,LTCUSDT,59.8,70.22,58.24,67.98,1222218.87,79485537.9
1580428800,2020-01-31,LTCUSDT,67.98,70.1,65.37,68,903059.8,61131086.43
1580515200,2020-02-01,LTCUSDT,68,73,67.62,70.72,914545.06,64827992.48
1580601600,2020-02-02,LTCUSDT,70.72,73.5,67.66,69.93,786684.66,55690866.57
1580688000,2020-02-03,LTCUSDT,69.93,73,68.45,69.65,665768.14,46844860.21
1580774400,2020-02-04,LTCUSDT,69.65,70.5,66.62,68.07,471077.13,32109689.71
1580860800,2020-02-05,LTCUSDT,68.07,73.47,67.62,72.59,626932.85,44703213.83
1580947200,2020-02-06,LTCUSDT,72.59,75.08,70.91,73.6,685129.94,50229845.41
1581033600,2020-02-07,LTCUSDT,73.6,75.48,72.85,74.3,526638.98,38958639.56
1581120000,2020-02-08,LTCUSDT,74.3,77.94,71.53,76.56,625621.77,47085008.62
1581206400,2020-02-09,LTCUSDT,76.56,78.43,75,77,461530.25,35494322.11
1581292800,2020-02-10,LTCUSDT,77,77.48,72.21,74.02,685774.73,50973640.2
1581379200,2020-02-11,LTCUSDT,74.02,77.4,72.64,76.46,539935.06,40489938.54
1581465600,2020-02-12,LTCUSDT,76.46,82.81,76.44,81.17,748817.57,59619009.21
1581552000,2020-02-13,LTCUSDT,81.17,84.32,77.15,80.55,1001513.61,81054324.95
1581638400,2020-02-14,LTCUSDT,80.55,83.79,78.61,83.14,507290.32,41382853.61
1581724800,2020-02-15,LTCUSDT,83.14,83.5,75.04,76.7,668936.15,52969975.78
1581811200,2020-02-16,LTCUSDT,76.7,80.77,67.85,74.67,950438.02,70870747.6
1581897600,2020-02-17,LTCUSDT,74.67,75.5,68.51,73.41,713056.01,50893178.98
1581984000,2020-02-18,LTCUSDT,73.41,79.09,70,77.25,687305.13,51093328.79
1582070400,2020-02-19,LTCUSDT,77.25,79.45,67,70.61,514472.39,38318176.86
1582156800,2020-02-20,LTCUSDT,70.61,72.43,66.1,69.4,711044.93,49400146.5
1582243200,2020-02-21,LTCUSDT,69.4,75.25,68.56,73.25,606557.76,44033417.74
1582329600,2020-02-22,LTCUSDT,73.25,76.79,72.32,74.79,629233.51,47130406.74
1582416000,2020-02-23,LTCUSDT,74.79,80,74.66,79.52,646223.65,50533358.43
1582502400,2020-02-24,LTCUSDT,79.52,79.76,71.71,75.59,901624.73,68180842.64
1582588800,2020-02-25,LTCUSDT,75.59,76.08,69.54,70.98,751111.58,54624021.52
1582675200,2020-02-26,LTCUSDT,70.98,72.15,57.41,60.53,1459763.08,94220141.3
1582761600,2020-02-27,LTCUSDT,60.53,65.1,57.15,61.77,1073951.05,65984800.79
1582848000,2020-02-28,LTCUSDT,61.77,63.39,56.56,59.89,1036361.81,62009795.87
1582934400,2020-02-29,LTCUSDT,59.89,61.65,57.84,58.05,497615.44,29670060.23
1583020800,2020-03-01,LTCUSDT,58.05,60.28,56.21,57.7,618898.11,36149927.95
1583107200,2020-03-02,LTCUSDT,57.7,62.32,57.25,61.42,645710.69,38693028.07
1583193600,2020-03-03,LTCUSDT,61.42,62.4,59.4,61.01,621228.03,37800960.13
1583280000,2020-03-04,LTCUSDT,61.01,61.78,58.71,60.38,416384.35,25127042.39
1583366400,2020-03-05,LTCUSDT,60.38,63.29,60.33,62.06,556909.08,34487269.85
1583452800,2020-03-06,LTCUSDT,62.06,63.84,61.18,63.22,469519.3,29325440.18
1583539200,2020-03-07,LTCUSDT,63.22,63.89,59.86,60.46,444270.54,27655735.41
1583625600,2020-03-08,LTCUSDT,60.46,60.47,50.41,51,945026.27,51958845.62
1583712000,2020-03-09,LTCUSDT,51,52.27,46.57,50.39,1426145.5,70420337.28
1583798400,2020-03-10,LTCUSDT,50.39,51.39,48.86,50.26,727732.91,36535744.61
1583884800,2020-03-11,LTCUSDT,50.26,50.74,45.47,48.53,799984.96,38538721.62
1583971200,2020-03-12,LTCUSDT,48.53,48.76,28.65,29.83,2239777.98,80981795.23
1584057600,2020-03-13,LTCUSDT,29.83,39.92,24,37.52,3435572.21,113058309.5
1584144000,2020-03-14,LTCUSDT,37.52,37.65,33.8,34.4,1181175.59,42316336.6
1584230400,2020-03-15,LTCUSDT,34.4,38.73,34.04,36.38,1040322.3,37333342.64
1584316800,2020-03-16,LTCUSDT,36.38,36.41,29.29,33.2,1624714.38,52644643.38
1584403200,2020-03-17,LTCUSDT,33.2,35.85,32.42,34.07,945437.93,32633674.46
1584489600,2020-03-18,LTCUSDT,34.07,34.83,32.28,34.71,1044607.76,35191685.57
1584576000,2020-03-19,LTCUSDT,34.71,40.8,34,38.9,1344406.5,50321916.07
1584662400,2020-03-20,LTCUSDT,38.9,43.69,34.05,38.08,1571300.61,62380455.89
1584748800,2020-03-21,LTCUSDT,38.08,39.84,36.21,38.32,667452.63,25414755.14
1584835200,2020-03-22,LTCUSDT,38.32,39.69,34.82,35.4,714342.73,26556648.09
1584921600,2020-03-23,LTCUSDT,35.4,39.99,34.57,38.94,859942.53,32311045.43
1585008000,2020-03-24,LTCUSDT,38.94,40.95,38.21,40.57,593656.77,23511452.09
1585094400,2020-03-25,LTCUSDT,40.57,41.04,38.09,39.17,577448.89,22783918.76
1585180800,2020-03-26,LTCUSDT,39.17,40.48,38.4,40.41,415595.26,16307374.37
1585267200,2020-03-27,LTCUSDT,40.41,41.21,37.73,38.04,481643.28,19173843.63
1585353600,2020-03-28,LTCUSDT,38.04,39.43,36.61,38.87,624312.5,23604387.6
1585440000,2020-03-29,LTCUSDT,38.87,39.11,36.97,37.11,402076.31,15295566.91
1585526400,2020-03-30,LTCUSDT,37.11,39.7,37.1,38.91,432738.22,16715085.17
1585612800,2020-03-31,LTCUSDT,38.91,39.32,38.33,39.08,378426.96,14723154.1
1585699200,2020-04-01,LTCUSDT,39.08,39.5,37.14,39.23,489850.02,18778547.22
1585785600,2020-04-02,LTCUSDT,39.23,42.92,39,39.86,701573.77,28237488.27
1585872000,2020-04-03,LTCUSDT,39.86,41.26,39.64,40.46,463368.12,18748635.17
1585958400,2020-04-04,LTCUSDT,40.46,41.16,39.86,40.71,356229.09,14408170.91
1586044800,2020-04-05,LTCUSDT,40.71,41,39.86,40.31,231112.96,9362413.05
1586131200,2020-04-06,LTCUSDT,40.31,45.09,40.28,45.04,721562.29,30935223.8
1586217600,2020-04-07,LTCUSDT,45.04,47.64,43.64,44.77,808081.85,37013956.76
1586304000,2020-04-08,LTCUSDT,44.77,47.2,44.27,46.55,500059.46,23044062.55
1586390400,2020-04-09,LTCUSDT,46.55,46.86,44.69,46.21,401085.48,18464427.84
1586476800,2020-04-10,LTCUSDT,46.21,46.39,40.86,42.25,785172.33,33771322.36
1586563200,2020-04-11,LTCUSDT,42.25,43.16,41.43,42.54,382360.32,16212942.58
1586649600,2020-04-12,LTCUSDT,42.54,43.58,41.83,42,499257.03,21342178.13
1586736000,2020-04-13,LTCUSDT,42,42,39.52,41.22,744114.51,30090872.09
1586822400,2020-04-14,LTCUSDT,41.22,41.85,40.47,41.22,420837.69,17361900.53
1586908800,2020-04-15,LTCUSDT,41.22,41.75,39.08,39.22,460328.16,18685153.46
1586995200,2020-04-16,LTCUSDT,39.22,43.78,37.91,42.53,913086.98,37743900.84
1587081600,2020-04-17,LTCUSDT,42.53,43.01,41.61,42.19,407623.05,17197450.74
1587168000,2020-04-18,LTCUSDT,42.19,44.43,41.98,44.14,497104.94,21438290.76
1587254400,2020-04-19,LTCUSDT,44.14,44.3,41.54,42.23,456205.81,19598464.25
1587340800,2020-04-20,LTCUSDT,42.23,43.24,39.55,40.21,543840.06,22495305.86
1587427200,2020-04-21,LTCUSDT,40.21,41.34,40.01,40.59,346732.08,14070441.02
1587513600,2020-04-22,LTCUSDT,40.59,42.32,40.27,41.8,463111.33,19156266.67
1587600000,2020-04-23,LTCUSDT,41.8,43.91,40.94,42.98,639336.05,27228427.41
1587686400,2020-04-24,LTCUSDT,42.98,44.99,42.83,44.53,623877.18,27511434.97
1587772800,2020-04-25,LTCUSDT,44.53,45.58,43.84,44.38,555367.19,24833710.35
1587859200,2020-04-26,LTCUSDT,44.38,45.39,43.75,44.52,485605.16,21633052.17
1587945600,2020-04-27,LTCUSDT,44.52,45.23,43.16,44.46,443570.66,19611892.42
1588032000,2020-04-28,LTCUSDT,44.46,46.13,43.42,45.69,590012.52,26316522.28
1588118400,2020-04-29,LTCUSDT,45.69,49.91,45.64,48.81,1198086.9,56983117.17
1588204800,2020-04-30,LTCUSDT,48.81,50.8,45.59,46.33,1404189.53,67399084.99
1588291200,2020-05-01,LTCUSDT,46.33,48.27,46.3,47.07,499757.97,23637798.37
1588377600,2020-05-02,LTCUSDT,47.07,49.6,46.73,49.2,408979.15,19681383.6
1588464000,2020-05-03,LTCUSDT,49.2,50.02,46.61,48.05,566317.38,27433863.02
1588550400,2020-05-04,LTCUSDT,48.05,48.2,45.11,46.96,693367.01,32216489.94
1588636800,2020-05-05,LTCUSDT,46.96,47.76,45.71,46.54,415057.44,19397806.1
1588723200,2020-05-06,LTCUSDT,46.54,47.55,44.55,44.94,466241.73,21723146.91
1588809600,2020-05-07,LTCUSDT,44.94,48.22,44.37,47.37,796061.6,37063053.89
1588896000,2020-05-08,LTCUSDT,47.37,48.43,46.34,47.69,631882.81,30005956.29
1588982400,2020-05-09,LTCUSDT,47.69,49.1,46.75,46.95,656200,31531059.6
1589068800,2020-05-10,LTCUSDT,46.95,47.04,39.4,42.06,1404081.18,58997967.79
1589155200,2020-05-11,LTCUSDT,42.06,42.9,39.37,41.51,955643.71,39459230.38
1589241600,2020-05-12,LTCUSDT,41.51,42.88,41.26,42.18,598291.64,25210189.42
1589328000,2020-05-13,LTCUSDT,42.18,43.74,41.94,43.18,404524.25,17315990.3
1589414400,2020-05-14,LTCUSDT,43.18,44.38,42.21,43.98,507436.35,22075904.01
1589500800,2020-05-15,LTCUSDT,43.98,44.14,41.82,42.74,468836.21,20206122.35
1589587200,2020-05-16,LTCUSDT,42.74,43.89,42.5,43.25,435940.41,18877872.47
1589673600,2020-05-17,LTCUSDT,43.25,44.49,43.1,43.71,344498.73,15154204.15
1589760000,2020-05-18,LTCUSDT,43.71,46.59,43.64,45.32,694361.6,31432563.38
1589846400,2020-05-19,LTCUSDT,45.32,45.8,44.07,45.73,375917.65,16910574.09
1589932800,2020-05-20,LTCUSDT,45.73,46.14,43.17,44.25,546255.01,24521814.48
1590019200,2020-05-21,LTCUSDT,44.25,44.62,41.66,42.73,504821.89,21790870.56
1590105600,2020-05-22,LTCUSDT,42.73,44.68,42.35,44.23,398405.54,17376646.57
1590192000,2020-05-23,LTCUSDT,44.23,44.74,43.67,43.85,237539.14,10485675.13
1590278400,2020-05-24,LTCUSDT,43.85,44.55,42.04,42.08,360333.25,15692713.52
1590364800,2020-05-25,LTCUSDT,42.08,43.32,41.72,42.97,250914.53,10724204.72
1590451200,2020-05-26,LTCUSDT,42.97,43.07,41.76,42.27,218690.04,9289007.75
1590537600,2020-05-27,LTCUSDT,42.27,44.05,42.22,43.85,282807.46,12241409.4
1590624000,2020-05-28,LTCUSDT,43.85,44.88,43.15,44.77,291358.47,12814294.26
1590710400,2020-05-29,LTCUSDT,44.77,45.29,44.17,44.47,298721.59,13357497.68
1590796800,2020-05-30,LTCUSDT,44.47,48.08,44.18,47.72,590070.55,27463513.68
1590883200,2020-05-31,LTCUSDT,47.72,47.84,45.07,45.61,494076.19,23046362.23
1590969600,2020-06-01,LTCUSDT,45.61,48.81,45.36,48.25,599583.68,28169093.71
1591056000,2020-06-02,LTCUSDT,48.25,49.96,44,45.99,920374.03,43606491.95
1591142400,2020-06-03,LTCUSDT,45.99,47.5,45.25,47.16,428190.82,19934098.5
1591228800,2020-06-04,LTCUSDT,47.16,48.1,46.15,47.43,471692.42,22364295.28
1591315200,2020-06-05,LTCUSDT,47.43,47.98,46.42,46.83,400925.04,18974096.19
1591401600,2020-06-06,LTCUSDT,46.83,47.24,46.07,46.79,226441.45,10574728.46
1591488000,2020-06-07,LTCUSDT,46.79,46.98,45.06,46.63,306262.54,14151417.9
1591574400,2020-06-08,LTCUSDT,46.63,46.79,45.95,46.43,220499.07,10227376.44
1591660800,2020-06-09,LTCUSDT,46.43,46.84,45.31,45.87,219681.64,10109968.7
1591747200,2020-06-10,LTCUSDT,45.87,47.19,45.65,46.63,319582.73,14778921.71
1591833600,2020-06-11,LTCUSDT,46.63,46.96,42,43.22,538636.16,24131180.6
1591920000,2020-06-12,LTCUSDT,43.22,45.36,42.81,44.72,236934.19,10491354.2
1592006400,2020-06-13,LTCUSDT,44.72,45.22,44.27,45.08,151582.81,6775955.93
1592092800,2020-06-14,LTCUSDT,45.08,45.11,43.53,44.05,170082.74,7542598.78
1592179200,2020-06-15,LTCUSDT,44.05,44.09,41.75,43.73,355287.54,15285580.75
1592265600,2020-06-16,LTCUSDT,43.73,44.22,43.33,43.88,215557.59,9436824.37
1592352000,2020-06-17,LTCUSDT,43.88,45.04,43,44.07,324893.86,14346683.24
1592438400,2020-06-18,LTCUSDT,44.07,44.23,42.88,43.43,193534.99,8454598.74
1592524800,2020-06-19,LTCUSDT,43.43,43.73,42.57,42.89,304810.98,13177549.13
1592611200,2020-06-20,LTCUSDT,42.89,43.85,42.21,43.57,202428.95,8709765.12
1592697600,2020-06-21,LTCUSDT,43.57,43.83,42.88,43,159632.68,6913195.77
1592784000,2020-06-22,LTCUSDT,43,44.67,42.94,44.3,281907.4,12383199.91
1592870400,2020-06-23,LTCUSDT,44.3,44.49,43.89,44.18,219437.96,9687570.4
1592956800,2020-06-24,LTCUSDT,44.18,44.69,42.1,42.65,357937.97,15461096.44
1593043200,2020-06-25,LTCUSDT,42.65,43,41.68,42.35,241972.01,10274173.08
1593129600,2020-06-26,LTCUSDT,42.35,43.6,41.37,43.09,348389.34,14853210.4
1593216000,2020-06-27,LTCUSDT,43.09,43.12,39.11,41.06,301504.63,12500262.77
1593302400,2020-06-28,LTCUSDT,41.06,42.05,40.48,41.37,169011.99,6984592.71
1593388800,2020-06-29,LTCUSDT,41.37,42.29,40.59,41.87,323346.17,13400088.96
1593475200,2020-06-30,LTCUSDT,41.87,42.07,40.73,41.17,170712.37,7047775.85
1593561600,2020-07-01,LTCUSDT,41.17,42.01,40.96,41.77,189759.34,7889028.98
1593648000,2020-07-02,LTCUSDT,41.77,41.9,40.28,41.05,274520.05,11294890.2
1593734400,2020-07-03,LTCUSDT,41.05,41.7,40.89,41.14,190294.78,7860587.6
1593820800,2020-07-04,LTCUSDT,41.14,42.23,41.06,42.11,239298.33,9986664.03
1593907200,2020-07-05,LTCUSDT,42.11,42.2,40.75,41.58,235045.83,9752587.24
1593993600,2020-07-06,LTCUSDT,41.58,44.31,41.5,44.06,368489.72,15857759.21
1594080000,2020-07-07,LTCUSDT,44.06,44.49,43.06,43.39,307753.44,13417182.82
1594166400,2020-07-08,LTCUSDT,43.39,45.62,43.1,45.35,537390.41,24100589.49
1594252800,2020-07-09,LTCUSDT,45.35,45.87,43.57,44.33,413268.77,18508763.95
1594339200,2020-07-10,LTCUSDT,44.33,44.64,43.44,44.3,256685.45,11325710.67
1594425600,2020-07-11,LTCUSDT,44.3,44.77,43.85,44.69,186318.69,8259739
1594512000,2020-07-12,LTCUSDT,44.69,45.3,43.7,44.7,245471.12,10954049.96
1594598400,2020-07-13,LTCUSDT,44.7,45.59,42.31,43.92,445103.84,19783707.24
1594684800,2020-07-14,LTCUSDT,43.92,44.09,42.86,43.88,246958.99,10753439.35
1594771200,2020-07-15,LTCUSDT,43.88,44.06,42.81,43.33,216931.76,9414665.12
1594857600,2020-07-16,LTCUSDT,43.33,43.49,40.85,42.09,389747.37,16388849.49
1594944000,2020-07-17,LTCUSDT,42.09,42.49,41.72,41.9,201904.6,8482168.91
1595030400,2020-07-18,LTCUSDT,41.9,42.9,41.73,42.45,171429.48,7261317.08
1595116800,2020-07-19,LTCUSDT,42.45,42.89,41.83,42.64,195427.4,8265623.25
1595203200,2020-07-20,LTCUSDT,42.64,42.79,41.37,41.94,180313.88,7608229.19
1595289600,2020-07-21,LTCUSDT,41.94,44.11,41.87,43.77,314440.38,13653758.51
1595376000,2020-07-22,LTCUSDT,43.77,45.12,43.2,44.96,335459.89,14753443.16
1595462400,2020-07-23,LTCUSDT,44.96,45.63,44.52,44.94,432494.11,19488260.36
1595548800,2020-07-24,LTCUSDT,44.94,44.96,43.93,44.11,246802.57,10968239.44
1595635200,2020-07-25,LTCUSDT,44.11,49.52,44.03,49.16,908436.85,43121417.15
1595721600,2020-07-26,LTCUSDT,49.16,50.79,47.49,48.1,895757.2,43736445.02
1595808000,2020-07-27,LTCUSDT,48.1,55.83,46.85,53.28,1501022.71,76319950.41
1595894400,2020-07-28,LTCUSDT,53.28,57.92,51.65,55.75,1524796.93,83657329.52
1595980800,2020-07-29,LTCUSDT,55.75,56.97,54.65,55.16,827762.02,46195373.45
1596067200,2020-07-30,LTCUSDT,55.16,58.61,53.91,56.75,1024240.97,57655048.24
1596153600,2020-07-31,LTCUSDT,56.75,59.26,55.78,58.13,656214.79,37799292.06
1596240000,2020-08-01,LTCUSDT,58.13,62.23,57.55,61.65,1209772.31,72750836.99
1596326400,2020-08-02,LTCUSDT,61.65,65.17,51.79,56.77,1811190.59,106128081.3
1596412800,2020-08-03,LTCUSDT,56.77,60.03,55.71,58.48,825040.86,48042233.88
1596499200,2020-08-04,LTCUSDT,58.48,59.62,56.26,57.61,625555.61,36194009.14
1596585600,2020-08-05,LTCUSDT,57.61,59.77,56.73,58.88,716365.47,41978222.98
1596672000,2020-08-06,LTCUSDT,58.88,60.68,57.69,59.03,822577.35,48695999.69
1596758400,2020-08-07,LTCUSDT,59.03,61.08,54.51,57.17,897911.44,52389315.89
1596844800,2020-08-08,LTCUSDT,57.17,58.55,56.46,58.46,428217.7,24648595.75
1596931200,2020-08-09,LTCUSDT,58.46,58.67,56,56.96,368846.69,21154392.52
1597017600,2020-08-10,LTCUSDT,56.96,59.4,56.38,58.27,651148.79,37767773.99
1597104000,2020-08-11,LTCUSDT,58.27,59.67,52.37,54.1,887598.72,49937919.23
1597190400,2020-08-12,LTCUSDT,54.1,55.05,51.55,54.52,645092.5,34861226.2
1597276800,2020-08-13,LTCUSDT,54.52,57.3,51.86,57.14,837109.91,45688906
1597363200,2020-08-14,LTCUSDT,57.14,57.85,55.82,56.78,728312.3,41365693.27
1597449600,2020-08-15,LTCUSDT,56.78,60.87,56.45,59.85,1137795.12,66736568.52
1597536000,2020-08-16,LTCUSDT,59.85,64.6,57.8,63.87,1576897.59,97000374.94
1597622400,2020-08-17,LTCUSDT,63.87,68.88,61.34,67.22,1790813.8,116245941.8
1597708800,2020-08-18,LTCUSDT,67.22,68.37,63.37,65.4,1562910.41,103317811.9
1597795200,2020-08-19,LTCUSDT,65.4,67.15,58.73,62.12,1699324.39,105697900
1597881600,2020-08-20,LTCUSDT,62.12,63.68,61,62.8,867577.36,54226397.3
1597968000,2020-08-21,LTCUSDT,62.8,63.9,58.77,59.2,1054292.69,64713283.33
1598054400,2020-08-22,LTCUSDT,59.2,60.54,57.76,60.21,735637.17,43559095.85
1598140800,2020-08-23,LTCUSDT,60.21,61.63,58.01,60.55,629697.68,37577206.23
1598227200,2020-08-24,LTCUSDT,60.55,63.01,59.97,62.02,687323.06,42512670.17
1598313600,2020-08-25,LTCUSDT,62.02,62.29,56.6,58.34,1171220.25,69265853.44
1598400000,2020-08-26,LTCUSDT,58.34,59.1,57.02,58.1,663386.26,38515676.32
1598486400,2020-08-27,LTCUSDT,58.1,59.24,53.91,56.1,975870.11,55177834.16
1598572800,2020-08-28,LTCUSDT,56.1,58.28,55.33,57.38,644522.19,36748399.4
1598659200,2020-08-29,LTCUSDT,57.38,58.18,56.93,56.97,408492.19,23507419.65
1598745600,2020-08-30,LTCUSDT,56.97,62.95,56.93,62.89,839317.1,50554543.16
1598832000,2020-08-31,LTCUSDT,62.89,63.7,60.51,60.92,680146.79,42096579.02
1598918400,2020-09-01,LTCUSDT,60.92,64.31,59.69,62.69,972744.48,60949621.55
1599004800,2020-09-02,LTCUSDT,62.69,63.19,56.32,58.06,934006.3,55622757.79
1599091200,2020-09-03,LTCUSDT,58.06,58.62,45.33,47.28,1324245.74,70829796.09
1599177600,2020-09-04,LTCUSDT,47.28,52.38,46.24,50.32,1476516.48,72672986.39
1599264000,2020-09-05,LTCUSDT,50.32,51.32,45.21,47.83,1350657.17,64939622.89
1599350400,2020-09-06,LTCUSDT,47.83,49.25,46.28,47.92,653592.79,31350140.49
1599436800,2020-09-07,LTCUSDT,47.92,49.18,45.22,48.84,826692.57,39178475.9
1599523200,2020-09-08,LTCUSDT,48.84,49.35,45.98,47.47,760182.51,36217916.47
1599609600,2020-09-09,LTCUSDT,47.47,48.81,46.52,47.82,378772.51,18086146.49
1599696000,2020-09-10,LTCUSDT,47.82,49.45,47.77,48.67,474471.86,23124448.15
1599782400,2020-09-11,LTCUSDT,48.67,49.59,47.37,48.96,367092.22,17795692.86
1599868800,2020-09-12,LTCUSDT,48.96,51.31,48.38,50.8,451949.52,22526760.7
1599955200,2020-09-13,LTCUSDT,50.8,51.04,47.26,48.15,458828.42,22491968.4
1600041600,2020-09-14,LTCUSDT,48.15,49.65,47.11,49.08,493683.75,23889800.05
1600128000,2020-09-15,LTCUSDT,49.08,50.37,48.1,48.31,615374.47,30324133.01
1600214400,2020-09-16,LTCUSDT,48.31,48.75,46.91,47.76,409293.58,19641762.87
1600300800,2020-09-17,LTCUSDT,47.76,49.67,47.64,48.85,412392.29,20027421.97
1600387200,2020-09-18,LTCUSDT,48.85,49.07,47.44,48.54,322351.63,15606108.21
1600473600,2020-09-19,LTCUSDT,48.54,49.03,47.94,48.52,225043.7,10911627.64
1600560000,2020-09-20,LTCUSDT,48.52,48.52,46.15,47.09,309678.11,14655189.83
1600646400,2020-09-21,LTCUSDT,47.09,47.64,41.59,43.16,724381.67,32251827.73
1600732800,2020-09-22,LTCUSDT,43.16,44.79,42.75,44.47,334632.73,14655664.33
1600819200,2020-09-23,LTCUSDT,44.47,45.14,42.25,42.96,416831.72,18334844.49
1600905600,2020-09-24,LTCUSDT,42.96,45.29,42.56,44.92,385922.05,17040575.24
1600992000,2020-09-25,LTCUSDT,44.92,46.58,43.97,46.02,417026.33,18981897.44
1601078400,2020-09-26,LTCUSDT,46.02,46.56,45.12,46.03,239828.37,11012106.72
1601164800,2020-09-27,LTCUSDT,46.03,46.62,44.56,46.05,299821.64,13723604.17
1601251200,2020-09-28,LTCUSDT,46.05,47.14,44.8,45.23,500347.34,23201352.78
1601337600,2020-09-29,LTCUSDT,45.23,45.85,44.95,45.69,314875.7,14304470.52
1601424000,2020-09-30,LTCUSDT,45.69,46.7,45.44,46.24,294138,13522251.94
1601510400,2020-10-01,LTCUSDT,46.24,48.46,45.23,46.25,691422.82,32358413.42
1601596800,2020-10-02,LTCUSDT,46.25,46.97,43.19,44.88,518670.87,23374092.73
1601683200,2020-10-03,LTCUSDT,44.88,45.97,44.72,45.51,225825.74,10251368.17
1601769600,2020-10-04,LTCUSDT,45.51,47.07,45.28,46.69,257423.66,11876813.23
1601856000,2020-10-05,LTCUSDT,46.69,47.08,45.53,46.34,288147.28,13330240.06
1601942400,2020-10-06,LTCUSDT,46.34,48.25,45.52,45.99,650720.47,30394416.86
1602028800,2020-10-07,LTCUSDT,45.99,46.96,45.02,46.55,384596.72,17705158.85
1602115200,2020-10-08,LTCUSDT,46.55,47.5,45.45,47.21,412581.66,19225906.32
1602201600,2020-10-09,LTCUSDT,47.21,48.2,46.59,47.78,402514.89,19072193.16
1602288000,2020-10-10,LTCUSDT,47.78,50.46,47.76,48.88,426163.74,21004622.66
1602374400,2020-10-11,LTCUSDT,48.88,51.27,48.66,50.48,393329.63,19761562.47
1602460800,2020-10-12,LTCUSDT,50.48,51.5,49.24,50.58,622150.71,31453313.26
1602547200,2020-10-13,LTCUSDT,50.58,50.71,48.8,49.89,468445.05,23391991.81
1602633600,2020-10-14,LTCUSDT,49.89,51.04,49.27,49.79,381873.31,19133732.71
1602720000,2020-10-15,LTCUSDT,49.79,50.24,48.8,49.53,349966.04,17351907.65
1602806400,2020-10-16,LTCUSDT,49.53,49.84,45.6,47.6,603775.08,28593842.02
1602892800,2020-10-17,LTCUSDT,47.6,47.64,46.28,46.93,222964.86,10497057.84
1602979200,2020-10-18,LTCUSDT,46.93,47.98,46.78,47.54,164733.27,7805904.88
1603065600,2020-10-19,LTCUSDT,47.54,48.44,46.8,47.99,316808.83,15130105.41
1603152000,2020-10-20,LTCUSDT,47.99,48.46,46.36,46.88,399254.85,18896873.09
1603238400,2020-10-21,LTCUSDT,46.88,55,46.85,52.98,1425655.02,73309576.46
1603324800,2020-10-22,LTCUSDT,52.98,56.31,52.97,54.35,1405890,77327816.23
1603411200,2020-10-23,LTCUSDT,54.35,57,53.02,55.42,1079055.89,59587249.93
1603497600,2020-10-24,LTCUSDT,55.42,59.64,54.83,59.23,945746.17,54668506.17
1603584000,2020-10-25,LTCUSDT,59.23,60,56.53,58.84,907068.99,52879298.08
1603670400,2020-10-26,LTCUSDT,58.84,59.31,54.94,56.82,937505.27,53674188.74
1603756800,2020-10-27,LTCUSDT,56.82,59.06,56.46,57.91,846699.37,48920010.39
1603843200,2020-10-28,LTCUSDT,57.91,60.55,54.71,55.77,1227549.68,70621904.72
1603929600,2020-10-29,LTCUSDT,55.77,56.57,53.37,54.87,798253.73,44138399.06
1604016000,2020-10-30,LTCUSDT,54.87,55.78,52.2,54.01,706074.9,38012823.48
1604102400,2020-10-31,LTCUSDT,54.01,56.5,53.6,55.72,593903.98,32842454.2
1604188800,2020-11-01,LTCUSDT,55.72,56.19,54.07,55.6,369373.81,20377654.87
1604275200,2020-11-02,LTCUSDT,55.6,56.84,53.01,53.8,700498.49,38304588.6
1604361600,2020-11-03,LTCUSDT,53.8,54.37,51.13,53.96,672320.16,35538087.92
1604448000,2020-11-04,LTCUSDT,53.96,55.24,51.59,54.67,801009.79,42873857.89
1604534400,2020-11-05,LTCUSDT,54.67,59.73,54.62,58.95,1366335.63,78053912.17
1604620800,2020-11-06,LTCUSDT,58.95,63.68,58.61,63.2,1735473.54,106582211.4
1604707200,2020-11-07,LTCUSDT,63.2,64.77,57,58.9,1655539.63,101656386.8
1604793600,2020-11-08,LTCUSDT,58.9,62.03,58.52,61.02,795875.09,47974026.23
1604880000,2020-11-09,LTCUSDT,61.02,61.86,57.37,59.23,997800.79,59500899.17
1604966400,2020-11-10,LTCUSDT,59.23,59.6,57.04,57.93,639990.22,37334044.16
1605052800,2020-11-11,LTCUSDT,57.93,60.53,57.8,59.27,824536.88,49135913.09
1605139200,2020-11-12,LTCUSDT,59.27,60.82,57.6,60.72,830578.26,48949867.85
1605225600,2020-11-13,LTCUSDT,60.72,66.66,60.14,65.96,1974381.67,125824947
1605312000,2020-11-14,LTCUSDT,65.96,66.32,61.63,63.85,1017826.06,64664038.17
1605398400,2020-11-15,LTCUSDT,63.85,64.43,61.08,62.28,685249.76,42937719.08
1605484800,2020-11-16,LTCUSDT,62.28,74.62,62.08,73.84,2526207.16,174408345.8
1605571200,2020-11-17,LTCUSDT,73.84,77,71.36,76.32,2844994.9,210321473.6
1605657600,2020-11-18,LTCUSDT,76.32,77.13,67.77,73.42,2653342.04,193749896.7
1605744000,2020-11-19,LTCUSDT,73.42,83.4,71.47,81.53,2773824.06,216138873.6
1605830400,2020-11-20,LTCUSDT,81.53,83.9,80.37,80.95,706241.12,57844610.94