unix,date,symbol,open,high,low,close,Volume XRP,Volume USDT,tradecount
1525392000000,2018-05-04 0:00:00,XRP/USDT,0.5,1.5,0.5,0.8899,20890213.82,18946724.69,37492
1525478400000,2018-05-05 0:00:00,XRP/USDT,0.8898,0.935,0.888,0.9028,16816165.3,15282000.08,26476
1525564800000,2018-05-06 0:00:00,XRP/USDT,0.9028,0.918,0.83774,0.86483,16002035.8,13997141.56,28713
1525651200000,2018-05-07 0:00:00,XRP/USDT,0.86482,0.86886,0.8,0.8249,17303486.4,14192279.73,29174
1525737600000,2018-05-08 0:00:00,XRP/USDT,0.8249,0.84802,0.792,0.80667,12971303.18,10571844.13,23010
1525824000000,2018-05-09 0:00:00,XRP/USDT,0.80667,0.81894,0.7569,0.79481,13982375.89,11014807.24,26971
1525910400000,2018-05-10 0:00:00,XRP/USDT,0.79481,0.80572,0.74085,0.74558,10136895.73,7949198.409,20175
1525996800000,2018-05-11 0:00:00,XRP/USDT,0.7492,0.75602,0.64758,0.6761,31292480.04,21611338.05,50248
1526083200000,2018-05-12 0:00:00,XRP/USDT,0.67376,0.71,0.62519,0.68522,18181151.11,12223888.84,33907
1526169600000,2018-05-13 0:00:00,XRP/USDT,0.68192,0.7501,0.66456,0.72999,17521261.77,12503150.52,29953
1526256000000,2018-05-14 0:00:00,XRP/USDT,0.72999,0.7499,0.68585,0.72694,21771364.96,15661876.54,35859
1526342400000,2018-05-15 0:00:00,XRP/USDT,0.72695,0.74892,0.6801,0.689,12951988.45,9315740.473,22403
1526428800000,2018-05-16 0:00:00,XRP/USDT,0.689,0.712,0.65756,0.70585,11182432.7,7602189.992,18836
1526515200000,2018-05-17 0:00:00,XRP/USDT,0.70942,0.712,0.6482,0.65849,10070061.14,6897498.182,17108
1526601600000,2018-05-18 0:00:00,XRP/USDT,0.65849,0.68255,0.646,0.67766,10140675.13,6745876.692,17434
1526688000000,2018-05-19 0:00:00,XRP/USDT,0.67698,0.69139,0.6611,0.67339,6854397.75,4624460.531,11991
1526774400000,2018-05-20 0:00:00,XRP/USDT,0.67483,0.70659,0.668,0.6994,8055673.92,5558451.016,15301
1526860800000,2018-05-21 0:00:00,XRP/USDT,0.6994,0.705,0.66666,0.67612,7908213.57,5420030.289,15647
1526947200000,2018-05-22 0:00:00,XRP/USDT,0.67612,0.67817,0.635,0.63782,7567010.71,4982003.425,14642
1527033600000,2018-05-23 0:00:00,XRP/USDT,0.63782,0.64488,0.5731,0.59198,20078062.21,12176385.09,31407
1527120000000,2018-05-24 0:00:00,XRP/USDT,0.59053,0.64,0.57617,0.62814,14214140.1,8700112.876,24696
1527206400000,2018-05-25 0:00:00,XRP/USDT,0.62966,0.63391,0.59336,0.60459,20060607.91,12208461.53,22182
1527292800000,2018-05-26 0:00:00,XRP/USDT,0.60596,0.62618,0.59771,0.60852,25800066.42,15835491.89,20665
1527379200000,2018-05-27 0:00:00,XRP/USDT,0.60907,0.648,0.59705,0.60416,23735080.8,14343498.07,17852
1527465600000,2018-05-28 0:00:00,XRP/USDT,0.60417,0.6091,0.5434,0.54689,29854808.11,17222339.89,26621
1527552000000,2018-05-29 0:00:00,XRP/USDT,0.54689,0.60921,0.54303,0.59998,30948291.22,17917595.54,27166
1527638400000,2018-05-30 0:00:00,XRP/USDT,0.5997,0.626,0.58101,0.60149,31305613.07,18886579.36,25759
1527724800000,2018-05-31 0:00:00,XRP/USDT,0.60051,0.62255,0.58829,0.6114,33579966.89,20482812.81,28332
1527811200000,2018-06-01 0:00:00,XRP/USDT,0.6114,0.62428,0.6024,0.62151,34403361.87,21071397.53,26882
1527897600000,2018-06-02 0:00:00,XRP/USDT,0.62236,0.65204,0.61513,0.64269,37211532.2,23702560.12,30570
1527984000000,2018-06-03 0:00:00,XRP/USDT,0.64285,0.69101,0.63862,0.6901,37142715.53,24486265.64,34763
1528070400000,2018-06-04 0:00:00,XRP/USDT,0.6901,0.707,0.6351,0.65507,48289982.65,32100617.09,51519
1528156800000,2018-06-05 0:00:00,XRP/USDT,0.65508,0.686,0.6328,0.67464,42509387.77,28070582.13,39571
1528243200000,2018-06-06 0:00:00,XRP/USDT,0.67507,0.6833,0.653,0.6741,34326183.79,22997564.65,31424
1528329600000,2018-06-07 0:00:00,XRP/USDT,0.6738,0.69,0.67089,0.67756,35031819.04,23809284.71,28989
1528416000000,2018-06-08 0:00:00,XRP/USDT,0.6777,0.68,0.65832,0.6721,32089604.02,21502857.32,22990
1528502400000,2018-06-09 0:00:00,XRP/USDT,0.67211,0.68,0.65514,0.6574,31323211.84,20988079.87,19776
1528588800000,2018-06-10 0:00:00,XRP/USDT,0.65687,0.6585,0.55,0.58201,47688606.63,28984633.46,45053
1528675200000,2018-06-11 0:00:00,XRP/USDT,0.58202,0.6,0.56,0.59989,23744329.91,13711198.3,26713
1528761600000,2018-06-12 0:00:00,XRP/USDT,0.59901,0.5991,0.5415,0.5556,29332950.65,16778215.95,27017
1528848000000,2018-06-13 0:00:00,XRP/USDT,0.5556,0.56124,0.50401,0.52862,36877773.15,19678707.39,30883
1528934400000,2018-06-14 0:00:00,XRP/USDT,0.52863,0.569,0.51934,0.55769,35000456.5,19168374.22,28822
1529020800000,2018-06-15 0:00:00,XRP/USDT,0.55765,0.55927,0.52447,0.53258,25702497.7,14014574.41,21219
1529107200000,2018-06-16 0:00:00,XRP/USDT,0.53224,0.5385,0.51733,0.53275,26240580.6,13928650.36,19238
1529193600000,2018-06-17 0:00:00,XRP/USDT,0.53232,0.5437,0.51999,0.52617,33461820.8,17731742.41,18128
1529280000000,2018-06-18 0:00:00,XRP/USDT,0.52669,0.5535,0.50818,0.5387,33893328.6,17838659.68,25331
1529366400000,2018-06-19 0:00:00,XRP/USDT,0.53835,0.56185,0.5207,0.54834,28857265.3,15666561.3,20714
1529452800000,2018-06-20 0:00:00,XRP/USDT,0.54833,0.55188,0.52065,0.53916,34683099,18569764.37,23483
1529539200000,2018-06-21 0:00:00,XRP/USDT,0.53919,0.549,0.52899,0.53457,29891909.8,16084409.98,19507
1529625600000,2018-06-22 0:00:00,XRP/USDT,0.5342,0.53506,0.46859,0.48216,41843180.71,21054452.1,31757
1529712000000,2018-06-23 0:00:00,XRP/USDT,0.48287,0.49909,0.47333,0.49005,27230808.7,13211906.74,18211
1529798400000,2018-06-24 0:00:00,XRP/USDT,0.48963,0.51,0.43724,0.47331,41451907.36,19228982.69,32181
1529884800000,2018-06-25 0:00:00,XRP/USDT,0.47418,0.4992,0.47123,0.48125,31726495.2,15210518.56,21583
1529971200000,2018-06-26 0:00:00,XRP/USDT,0.48125,0.48241,0.4511,0.453,17670678,8310814.136,12386
1530057600000,2018-06-27 0:00:00,XRP/USDT,0.45218,0.47518,0.44787,0.4701,29671588.2,13726173.83,17841
1530144000000,2018-06-28 0:00:00,XRP/USDT,0.47042,0.47396,0.442,0.44575,35784353.9,16443331.07,19786
1530230400000,2018-06-29 0:00:00,XRP/USDT,0.4463,0.46124,0.42393,0.45321,37535516.8,16486127.91,24570
1530316800000,2018-06-30 0:00:00,XRP/USDT,0.45346,0.48318,0.45312,0.46796,37495051.8,17496283.25,22107
1530403200000,2018-07-01 0:00:00,XRP/USDT,0.46797,0.46989,0.45007,0.46222,31676174.1,14527131.72,16731
1530489600000,2018-07-02 0:00:00,XRP/USDT,0.46222,0.4954,0.452,0.4899,39873781.8,18861835.88,24340
1530576000000,2018-07-03 0:00:00,XRP/USDT,0.48913,0.52,0.47801,0.4844,44333181.6,22062745.01,28822
1530662400000,2018-07-04 0:00:00,XRP/USDT,0.48469,0.508,0.47941,0.49097,26722886.3,13200046.15,16907
1530748800000,2018-07-05 0:00:00,XRP/USDT,0.49155,0.50295,0.46887,0.4769,30689285.9,14877622.13,20079
1530835200000,2018-07-06 0:00:00,XRP/USDT,0.47772,0.48156,0.45747,0.47698,26805008.7,12625528.91,17487
1530921600000,2018-07-07 0:00:00,XRP/USDT,0.47644,0.488,0.46381,0.48494,28584029.2,13447638.64,14854
1531008000000,2018-07-08 0:00:00,XRP/USDT,0.4852,0.48798,0.4751,0.47915,31480979.3,15227900.93,17034
1531094400000,2018-07-09 0:00:00,XRP/USDT,0.47872,0.48201,0.47015,0.473,26690553.6,12722388.76,15248
1531180800000,2018-07-10 0:00:00,XRP/USDT,0.4728,0.47338,0.43866,0.44337,30651668.1,13915044.93,19920
1531267200000,2018-07-11 0:00:00,XRP/USDT,0.44247,0.45134,0.43957,0.44872,28635928.2,12781404.23,16031
1531353600000,2018-07-12 0:00:00,XRP/USDT,0.449,0.44932,0.4236,0.43675,30380599.5,13249846.55,16925
1531440000000,2018-07-13 0:00:00,XRP/USDT,0.43706,0.44509,0.43001,0.43754,33168644.3,14593937.36,18301
1531526400000,2018-07-14 0:00:00,XRP/USDT,0.43761,0.4443,0.431,0.43864,27141582.3,11872724.62,13496
1531612800000,2018-07-15 0:00:00,XRP/USDT,0.43864,0.45004,0.43509,0.44681,33882949.8,15040196.54,16126
1531699200000,2018-07-16 0:00:00,XRP/USDT,0.44695,0.4858,0.4435,0.48173,41419524.1,19088386.24,26379
1531785600000,2018-07-17 0:00:00,XRP/USDT,0.48173,0.52019,0.4665,0.50728,48166296.2,23548100.52,32812
1531872000000,2018-07-18 0:00:00,XRP/USDT,0.50651,0.52525,0.4752,0.48868,48747453.6,24610955.77,37079
1531958400000,2018-07-19 0:00:00,XRP/USDT,0.48869,0.495,0.47125,0.47687,36600560,17630279.61,23113
1532044800000,2018-07-20 0:00:00,XRP/USDT,0.47703,0.4773,0.431,0.44439,40745516.2,18539211.49,27061
1532131200000,2018-07-21 0:00:00,XRP/USDT,0.4444,0.459,0.4346,0.45506,28483991.4,12866104.78,17507
1532217600000,2018-07-22 0:00:00,XRP/USDT,0.45467,0.46409,0.44589,0.44859,32232347.2,14665477.9,17774
1532304000000,2018-07-23 0:00:00,XRP/USDT,0.44859,0.46371,0.44212,0.44499,30316389.9,13697250.55,18532
1532390400000,2018-07-24 0:00:00,XRP/USDT,0.4452,0.4715,0.438,0.45885,43532211.2,19790934.55,28932
1532476800000,2018-07-25 0:00:00,XRP/USDT,0.45741,0.46878,0.45153,0.4598,42650288.4,19640124.68,25272
1532563200000,2018-07-26 0:00:00,XRP/USDT,0.45983,0.46887,0.44538,0.44968,38041528.4,17513597.4,23172
1532649600000,2018-07-27 0:00:00,XRP/USDT,0.44878,0.462,0.444,0.4555,35252979.8,15945776.4,20570
1532736000000,2018-07-28 0:00:00,XRP/USDT,0.4555,0.45887,0.44803,0.45641,27843347.3,12621424.42,15477
1532822400000,2018-07-29 0:00:00,XRP/USDT,0.45643,0.45849,0.45,0.45315,31188705.5,14129680.2,14882
1532908800000,2018-07-30 0:00:00,XRP/USDT,0.45315,0.45621,0.43382,0.44534,32141597.9,14421158.75,17834
1532995200000,2018-07-31 0:00:00,XRP/USDT,0.44616,0.44641,0.4268,0.4353,31785092.6,13868351.21,18444
1533081600000,2018-08-01 0:00:00,XRP/USDT,0.4353,0.46382,0.42671,0.44642,39833478.3,17676468.23,26220
1533168000000,2018-08-02 0:00:00,XRP/USDT,0.44673,0.44888,0.42849,0.42975,33396468.1,14590469.47,17967
1533254400000,2018-08-03 0:00:00,XRP/USDT,0.43021,0.44619,0.4253,0.44033,44748261.2,19595686.14,23415
1533340800000,2018-08-04 0:00:00,XRP/USDT,0.44097,0.445,0.42741,0.42985,35095397.5,15286746.08,17878
1533427200000,2018-08-05 0:00:00,XRP/USDT,0.42984,0.43705,0.42705,0.4345,34962084.2,15070456.19,15634
1533513600000,2018-08-06 0:00:00,XRP/USDT,0.43437,0.43699,0.40127,0.4129,40578992.9,17175993.75,22947
1533600000000,2018-08-07 0:00:00,XRP/USDT,0.41328,0.41567,0.37387,0.37863,41157252.56,16510797.07,28999
1533686400000,2018-08-08 0:00:00,XRP/USDT,0.37863,0.37863,0.31928,0.33171,72393008.15,24880674.07,43751
1533772800000,2018-08-09 0:00:00,XRP/USDT,0.33197,0.35799,0.328,0.3441,51832840.7,17804650.76,35793
1533859200000,2018-08-10 0:00:00,XRP/USDT,0.3441,0.34689,0.31236,0.31897,39269097.2,13024070.35,26036
1533945600000,2018-08-11 0:00:00,XRP/USDT,0.31897,0.32008,0.2874,0.29784,48724318.7,14620533.31,31688
1534032000000,2018-08-12 0:00:00,XRP/USDT,0.29708,0.30938,0.29401,0.29547,35382260.6,10652732.36,22096
1534118400000,2018-08-13 0:00:00,XRP/USDT,0.29575,0.309,0.27127,0.2743,43767335.34,12811612.47,26230
1534204800000,2018-08-14 0:00:00,XRP/USDT,0.2743,0.27732,0.24672,0.2725,56101899,14596261.07,33635
1534291200000,2018-08-15 0:00:00,XRP/USDT,0.2728,0.30234,0.2728,0.28039,72676585.2,20916400.04,46747
1534377600000,2018-08-16 0:00:00,XRP/USDT,0.28,0.30184,0.2755,0.29142,46325561.5,13404983.21,27218
1534464000000,2018-08-17 0:00:00,XRP/USDT,0.29161,0.37506,0.29085,0.3672,84683658.1,27589694.27,52662
1534550400000,2018-08-18 0:00:00,XRP/USDT,0.36721,0.37,0.31039,0.32829,80106581.6,26958940.37,47049
1534636800000,2018-08-19 0:00:00,XRP/USDT,0.32848,0.35281,0.316,0.34201,63806323.3,21565062.24,35020
1534723200000,2018-08-20 0:00:00,XRP/USDT,0.34201,0.35095,0.3128,0.31499,52378768,17505459.18,31552
1534809600000,2018-08-21 0:00:00,XRP/USDT,0.315,0.33799,0.31302,0.33339,43866930.8,14398361.07,25584
1534896000000,2018-08-22 0:00:00,XRP/USDT,0.33398,0.35499,0.31039,0.3185,65706077.8,21938243.86,37654
1534982400000,2018-08-23 0:00:00,XRP/USDT,0.31849,0.32958,0.31306,0.3263,44849401.1,14416872.01,25117
1535068800000,2018-08-24 0:00:00,XRP/USDT,0.3263,0.329,0.31577,0.32646,43010739.1,13888483.05,23872
1535155200000,2018-08-25 0:00:00,XRP/USDT,0.32647,0.332,0.3216,0.32702,36349187.2,11877020.75,19914
1535241600000,2018-08-26 0:00:00,XRP/USDT,0.32759,0.32912,0.318,0.32276,33496561.2,10820831.33,17944
1535328000000,2018-08-27 0:00:00,XRP/USDT,0.32277,0.34062,0.32145,0.33901,50870196.2,16729938.74,27370
1535414400000,2018-08-28 0:00:00,XRP/USDT,0.339,0.35809,0.33423,0.35128,63583203.6,22005126.05,37204
1535500800000,2018-08-29 0:00:00,XRP/USDT,0.35067,0.3556,0.33361,0.34494,55136625.6,19087594.05,35052
1535587200000,2018-08-30 0:00:00,XRP/USDT,0.34494,0.3466,0.32252,0.33518,43887997.7,14597560.17,28767
1535673600000,2018-08-31 0:00:00,XRP/USDT,0.3347,0.349,0.32728,0.3353,36467734.8,12146264.69,25134
1535760000000,2018-09-01 0:00:00,XRP/USDT,0.3353,0.35517,0.33476,0.34699,49527170.3,17041317.67,29880
1535846400000,2018-09-02 0:00:00,XRP/USDT,0.34698,0.34918,0.33,0.34253,41314287.1,14133280.03,27346
1535932800000,2018-09-03 0:00:00,XRP/USDT,0.34237,0.34387,0.333,0.33493,34536040.9,11646480.84,20604
1536019200000,2018-09-04 0:00:00,XRP/USDT,0.33491,0.34157,0.32819,0.33116,42441830.5,14216452.8,28147
1536105600000,2018-09-05 0:00:00,XRP/USDT,0.33116,0.334,0.2772,0.27889,67385077.8,20531186.78,44268
1536192000000,2018-09-06 0:00:00,XRP/USDT,0.27899,0.307,0.2676,0.30179,71823322.1,20773885.74,43031
1536278400000,2018-09-07 0:00:00,XRP/USDT,0.30182,0.30445,0.28092,0.2869,48139492.1,14113813.71,27913
1536364800000,2018-09-08 0:00:00,XRP/USDT,0.28686,0.294,0.26891,0.27679,41246183.1,11708609.98,22777
1536451200000,2018-09-09 0:00:00,XRP/USDT,0.27665,0.2908,0.27,0.2766,39852343.2,11184746.95,22591
1536537600000,2018-09-10 0:00:00,XRP/USDT,0.27699,0.28263,0.259,0.27,46733069.5,12644195.51,24307
1536624000000,2018-09-11 0:00:00,XRP/USDT,0.27,0.276,0.25261,0.26314,50280138.4,13240950.11,25846
1536710400000,2018-09-12 0:00:00,XRP/USDT,0.26349,0.27413,0.25308,0.2699,46434334.2,12188060.33,27096
1536796800000,2018-09-13 0:00:00,XRP/USDT,0.26959,0.28641,0.2676,0.27933,59569126.9,16495197.6,32253
1536883200000,2018-09-14 0:00:00,XRP/USDT,0.27892,0.2867,0.27138,0.27571,46466958.6,12953940.13,25499
1536969600000,2018-09-15 0:00:00,XRP/USDT,0.2761,0.28489,0.27533,0.28031,33938106.1,9518765.102,17204
1537056000000,2018-09-16 0:00:00,XRP/USDT,0.2803,0.28229,0.27351,0.28122,32576561.4,9086763.535,17859
1537142400000,2018-09-17 0:00:00,XRP/USDT,0.28122,0.28373,0.26662,0.2706,48278145.2,13290945.92,24607
1537228800000,2018-09-18 0:00:00,XRP/USDT,0.2706,0.337,0.269,0.31897,161707328.6,50292944.44,78869
1537315200000,2018-09-19 0:00:00,XRP/USDT,0.31898,0.337,0.3109,0.32679,104736271.2,33882388.9,51251
1537401600000,2018-09-20 0:00:00,XRP/USDT,0.32718,0.492,0.32103,0.44819,273416987.8,109122045.1,140593
1537488000000,2018-09-21 0:00:00,XRP/USDT,0.44877,0.8,0.4185,0.56405,699259999.1,395455074.8,410141
1537574400000,2018-09-22 0:00:00,XRP/USDT,0.56399,0.63,0.49094,0.57368,384055321.9,216942129.6,220021
1537660800000,2018-09-23 0:00:00,XRP/USDT,0.57249,0.59975,0.55501,0.5719,176776991.6,101737621.9,98848
1537747200000,2018-09-24 0:00:00,XRP/USDT,0.5719,0.5831,0.48256,0.49358,220968527.3,117393707.8,126716
1537833600000,2018-09-25 0:00:00,XRP/USDT,0.49235,0.549,0.43558,0.5256,381527240.4,180801292.1,190435
1537920000000,2018-09-26 0:00:00,XRP/USDT,0.52633,0.57299,0.48364,0.513,418985950.3,221539769.8,232712
1538006400000,2018-09-27 0:00:00,XRP/USDT,0.51343,0.555,0.50578,0.54305,195704174.8,103926811.6,117620
1538092800000,2018-09-28 0:00:00,XRP/USDT,0.54305,0.55,0.51624,0.54025,169084867.6,90519036.61,100050
1538179200000,2018-09-29 0:00:00,XRP/USDT,0.54026,0.5968,0.52505,0.56876,216560342.7,121708052.3,114772
1538265600000,2018-09-30 0:00:00,XRP/USDT,0.56875,0.62604,0.55744,0.58257,249779723.5,147310824.2,138712
1538352000000,2018-10-01 0:00:00,XRP/USDT,0.58257,0.6059,0.532,0.5776,268385710.5,153441259,157725
1538438400000,2018-10-02 0:00:00,XRP/USDT,0.57734,0.58038,0.515,0.51692,162916775.7,90278192.04,103186
1538524800000,2018-10-03 0:00:00,XRP/USDT,0.51692,0.5388,0.50785,0.5293,170746863.2,89419690.11,102025
1538611200000,2018-10-04 0:00:00,XRP/USDT,0.52982,0.54999,0.5257,0.5294,121125329.6,65086638.53,68453
1538697600000,2018-10-05 0:00:00,XRP/USDT,0.52921,0.53331,0.51031,0.5211,101220917.6,52684486.18,62811
1538784000000,2018-10-06 0:00:00,XRP/USDT,0.52098,0.5226,0.46859,0.48964,141936655.1,70038792.16,79527
1538870400000,2018-10-07 0:00:00,XRP/USDT,0.4893,0.49149,0.46666,0.48269,98985658.4,47221735.88,54514
1538956800000,2018-10-08 0:00:00,XRP/USDT,0.4826,0.50449,0.47824,0.49335,119530087.1,58662978.51,63907
1539043200000,2018-10-09 0:00:00,XRP/USDT,0.49302,0.49387,0.47108,0.48199,87513820.2,42189815.07,46959
1539129600000,2018-10-10 0:00:00,XRP/USDT,0.48171,0.48171,0.46066,0.46605,87026618.7,40924381.51,47831
1539216000000,2018-10-11 0:00:00,XRP/USDT,0.46632,0.46632,0.37713,0.38315,214466238.8,88997910.79,112771
1539302400000,2018-10-12 0:00:00,XRP/USDT,0.38319,0.44953,0.37685,0.42071,182232226.9,76885040.55,97604
1539388800000,2018-10-13 0:00:00,XRP/USDT,0.42071,0.432,0.417,0.4227,73115932,30906424.4,38313
1539475200000,2018-10-14 0:00:00,XRP/USDT,0.42259,0.43057,0.40321,0.40994,82556004.2,34881006.75,40584
1539561600000,2018-10-15 0:00:00,XRP/USDT,0.40951,0.52179,0.39771,0.46168,287232730,132802904.8,145064
1539648000000,2018-10-16 0:00:00,XRP/USDT,0.46183,0.48896,0.45554,0.48352,126629832.4,59718125.93,73496
1539734400000,2018-10-17 0:00:00,XRP/USDT,0.48352,0.49818,0.47201,0.48437,110247010.2,53342652.05,63293
1539820800000,2018-10-18 0:00:00,XRP/USDT,0.48383,0.49408,0.456,0.4675,98622485.8,46871048.16,57549
1539907200000,2018-10-19 0:00:00,XRP/USDT,0.46848,0.473,0.458,0.46077,54642245.2,25322985.79,30723
1539993600000,2018-10-20 0:00:00,XRP/USDT,0.46103,0.47293,0.45633,0.46788,62948221.8,29410276.42,36228
1540080000000,2018-10-21 0:00:00,XRP/USDT,0.46772,0.47476,0.4635,0.46458,48975343.9,22991998.33,27796
1540166400000,2018-10-22 0:00:00,XRP/USDT,0.46458,0.46901,0.45475,0.46192,41455391.5,19174006.38,34288
1540252800000,2018-10-23 0:00:00,XRP/USDT,0.46163,0.48649,0.444,0.47006,58195282.8,26921368.91,49333
1540339200000,2018-10-24 0:00:00,XRP/USDT,0.47005,0.478,0.46,0.46402,36421466.1,17124032.95,27432
1540425600000,2018-10-25 0:00:00,XRP/USDT,0.46401,0.4731,0.45688,0.46351,34586029.5,16056625.65,25920
1540512000000,2018-10-26 0:00:00,XRP/USDT,0.46351,0.471,0.45923,0.46657,38006244.6,17679448.15,24187
1540598400000,2018-10-27 0:00:00,XRP/USDT,0.46657,0.4681,0.4576,0.46012,35912703,16602118.65,21200
1540684800000,2018-10-28 0:00:00,XRP/USDT,0.4601,0.46695,0.458,0.46472,36212879.3,16701624.47,18212
1540771200000,2018-10-29 0:00:00,XRP/USDT,0.46483,0.46516,0.4343,0.44506,48934076.3,21992327.25,31507
1540857600000,2018-10-30 0:00:00,XRP/USDT,0.44554,0.455,0.444,0.44749,28201734.6,12642203.42,19797
1540944000000,2018-10-31 0:00:00,XRP/USDT,0.44734,0.46097,0.4375,0.45418,34928585.5,15682781.88,24072
1541030400000,2018-11-01 0:00:00,XRP/USDT,0.45418,0.462,0.4485,0.46141,28279669.6,12870451.82,18865
1541116800000,2018-11-02 0:00:00,XRP/USDT,0.46137,0.46899,0.45901,0.463,35704076.7,16544229.86,23077
1541203200000,2018-11-03 0:00:00,XRP/USDT,0.46281,0.46449,0.45433,0.45713,28318009.2,12982479.37,16664
1541289600000,2018-11-04 0:00:00,XRP/USDT,0.45706,0.47959,0.44955,0.46999,50696119.7,23552335.66,34635
1541376000000,2018-11-05 0:00:00,XRP/USDT,0.46999,0.50644,0.461,0.5022,76939385.1,37157243.65,51511
1541462400000,2018-11-06 0:00:00,XRP/USDT,0.5022,0.56878,0.50053,0.55523,165152551.2,88002414.59,124811
1541548800000,2018-11-07 0:00:00,XRP/USDT,0.5546,0.5555,0.52751,0.5409,83021151,44669952.84,60477
1541635200000,2018-11-08 0:00:00,XRP/USDT,0.5409,0.5468,0.492,0.49694,91511954.5,47140761.34,66746
1541721600000,2018-11-09 0:00:00,XRP/USDT,0.49713,0.5227,0.496,0.5044,61996751.7,31436298.02,46795
1541808000000,2018-11-10 0:00:00,XRP/USDT,0.50463,0.51748,0.5027,0.50956,33178374.5,16924543.91,27480
1541894400000,2018-11-11 0:00:00,XRP/USDT,0.50941,0.51233,0.49764,0.51019,28362231.8,14359756.77,21970
1541980800000,2018-11-12 0:00:00,XRP/USDT,0.51018,0.53499,0.50521,0.5245,51147716.5,26656295.26,40657
1542067200000,2018-11-13 0:00:00,XRP/USDT,0.52403,0.53464,0.51111,0.51736,66199009.7,34723582.97,52170
1542153600000,2018-11-14 0:00:00,XRP/USDT,0.51817,0.52012,0.422,0.4846,158164446.3,74598758.62,105991
1542240000000,2018-11-15 0:00:00,XRP/USDT,0.48461,0.4947,0.4311,0.48931,176221131,82146492.14,122599
1542326400000,2018-11-16 0:00:00,XRP/USDT,0.48931,0.49568,0.46382,0.47765,114883969.7,54906996.35,80023
1542412800000,2018-11-17 0:00:00,XRP/USDT,0.47805,0.505,0.46939,0.49813,95437797.3,46418055.3,66323
1542499200000,2018-11-18 0:00:00,XRP/USDT,0.49815,0.532,0.49537,0.51611,133560299.2,68787303.16,96328
1542585600000,2018-11-19 0:00:00,XRP/USDT,0.51608,0.51695,0.4645,0.4825,245733373.5,120441930.5,157260
1542672000000,2018-11-20 0:00:00,XRP/USDT,0.48235,0.50865,0.4095,0.44285,325286452.6,150503910.8,221361
1542758400000,2018-11-21 0:00:00,XRP/USDT,0.44285,0.46947,0.41933,0.45367,189645261.1,84499550.42,123793
1542844800000,2018-11-22 0:00:00,XRP/USDT,0.45345,0.45785,0.424,0.42831,91671173.8,40666439.24,64541
1542931200000,2018-11-23 0:00:00,XRP/USDT,0.42766,0.44376,0.39674,0.41447,161040318.2,66739393.24,104172
1543017600000,2018-11-24 0:00:00,XRP/USDT,0.41461,0.42878,0.37001,0.37982,160389596,64453203.55,99431
1543104000000,2018-11-25 0:00:00,XRP/USDT,0.37977,0.39639,0.32802,0.382,322162714.6,115190759.7,175085
1543190400000,2018-11-26 0:00:00,XRP/USDT,0.38186,0.39999,0.34625,0.36354,267557884.2,99598875.41,145831
1543276800000,2018-11-27 0:00:00,XRP/USDT,0.3634,0.376,0.34634,0.365,149919921.1,53689154.84,87519
1543363200000,2018-11-28 0:00:00,XRP/USDT,0.36476,0.40319,0.36476,0.39203,157732401,60683360.71,91369
1543449600000,2018-11-29 0:00:00,XRP/USDT,0.3922,0.395,0.37072,0.38149,106959084.6,40905765.74,75894
1543536000000,2018-11-30 0:00:00,XRP/USDT,0.38148,0.38331,0.355,0.36466,82213339.6,30275595.93,56516
1543622400000,2018-12-01 0:00:00,XRP/USDT,0.36492,0.379,0.35617,0.37205,58583664.8,21666243.08,49368
1543708800000,2018-12-02 0:00:00,XRP/USDT,0.372,0.3799,0.366,0.36963,43193884.2,16049727.05,36328
1543795200000,2018-12-03 0:00:00,XRP/USDT,0.36974,0.371,0.34553,0.34827,57538980.4,20563351.66,43290
1543881600000,2018-12-04 0:00:00,XRP/USDT,0.34827,0.36255,0.33913,0.35231,59867337.7,21146929.52,49309
1543968000000,2018-12-05 0:00:00,XRP/USDT,0.35235,0.361,0.338,0.3395,56281559.4,19480367.08,41717
1544054400000,2018-12-06 0:00:00,XRP/USDT,0.33906,0.3455,0.30671,0.30919,83574815,27575889.96,58042
1544140800000,2018-12-07 0:00:00,XRP/USDT,0.30959,0.312,0.2865,0.30114,128448766.2,38612235.21,87129
1544227200000,2018-12-08 0:00:00,XRP/USDT,0.30114,0.325,0.29117,0.30247,91555422.9,27867470.99,63846
1544313600000,2018-12-09 0:00:00,XRP/USDT,0.30247,0.31965,0.2983,0.30914,63609809.9,19615781.38,44521
1544400000000,2018-12-10 0:00:00,XRP/USDT,0.30944,0.31377,0.29424,0.29956,59077810.9,17855538.98,42343
1544486400000,2018-12-11 0:00:00,XRP/USDT,0.2995,0.31,0.29396,0.29904,52196740,15657313.11,39647
1544572800000,2018-12-12 0:00:00,XRP/USDT,0.29905,0.31064,0.2971,0.30463,48158835.8,14652586.09,37265
1544659200000,2018-12-13 0:00:00,XRP/USDT,0.30463,0.30569,0.29558,0.29934,42978785,12946520.97,31266
1544745600000,2018-12-14 0:00:00,XRP/USDT,0.29916,0.3008,0.28312,0.28816,47556494.8,13894996.77,38394
1544832000000,2018-12-15 0:00:00,XRP/USDT,0.28803,0.29149,0.2805,0.28422,38261672.5,10918212.33,33453
1544918400000,2018-12-16 0:00:00,XRP/USDT,0.28421,0.2954,0.28312,0.28669,43951184.1,12725450.07,35222
1545004800000,2018-12-17 0:00:00,XRP/USDT,0.28669,0.337,0.285,0.32721,129250477.5,40390343.94,90715
1545091200000,2018-12-18 0:00:00,XRP/USDT,0.32721,0.3498,0.32149,0.34979,166459905.1,55469101.63,127305
1545177600000,2018-12-19 0:00:00,XRP/USDT,0.34979,0.39265,0.34165,0.34468,238920130.5,87014869.31,176074
1545264000000,2018-12-20 0:00:00,XRP/USDT,0.34468,0.38368,0.339,0.37228,190801771.6,69774455.42,150844
1545350400000,2018-12-21 0:00:00,XRP/USDT,0.37228,0.383,0.34584,0.35428,141255512.3,51393412.29,114072
1545436800000,2018-12-22 0:00:00,XRP/USDT,0.35405,0.36,0.34383,0.35644,68501560.8,24066090.38,63823
1545523200000,2018-12-23 0:00:00,XRP/USDT,0.35645,0.37784,0.35407,0.3669,83342114.3,30424677.07,76601
1545609600000,2018-12-24 0:00:00,XRP/USDT,0.36691,0.45,0.36665,0.40092,308763465.2,127757383,232374
1545696000000,2018-12-25 0:00:00,XRP/USDT,0.40075,0.40399,0.36,0.37598,190479475.6,71154490.39,159217
1545782400000,2018-12-26 0:00:00,XRP/USDT,0.37599,0.38942,0.35327,0.37253,115977475.4,43003343.75,108072
1545868800000,2018-12-27 0:00:00,XRP/USDT,0.37298,0.375,0.325,0.33368,113118482.1,39617938.89,95303
1545955200000,2018-12-28 0:00:00,XRP/USDT,0.3337,0.37559,0.32823,0.36997,133220344.3,47303924,112497
1546041600000,2018-12-29 0:00:00,XRP/USDT,0.37017,0.37913,0.35103,0.35593,105406488.5,38674353.1,100154
1546128000000,2018-12-30 0:00:00,XRP/USDT,0.35622,0.36578,0.3508,0.36489,66395531.2,23862549.57,73672
1546214400000,2018-12-31 0:00:00,XRP/USDT,0.36488,0.36932,0.3435,0.34849,70308054.1,24879457.07,68146
1546300800000,2019-01-01 0:00:00,XRP/USDT,0.34864,0.36111,0.34533,0.3608,41061397.6,14481148.63,44289
1546387200000,2019-01-02 0:00:00,XRP/USDT,0.36057,0.3745,0.3535,0.36882,74162520.5,27033811.67,73217
1546473600000,2019-01-03 0:00:00,XRP/USDT,0.3686,0.3691,0.34778,0.3524,61459149.9,21962305.24,64440
1546560000000,2019-01-04 0:00:00,XRP/USDT,0.35255,0.358,0.34385,0.35308,51976479.9,18261381.09,58174
1546646400000,2019-01-05 0:00:00,XRP/USDT,0.35303,0.35981,0.345,0.34851,53463920.9,18885957.01,60623
1546732800000,2019-01-06 0:00:00,XRP/USDT,0.34851,0.36446,0.34542,0.36042,63015691.4,22444101.91,66421
1546819200000,2019-01-07 0:00:00,XRP/USDT,0.36042,0.37218,0.35701,0.36022,70715569,25665344.46,73648
1546905600000,2019-01-08 0:00:00,XRP/USDT,0.36015,0.36796,0.3545,0.36073,67790037.4,24413973.84,69400
1546992000000,2019-01-09 0:00:00,XRP/USDT,0.36073,0.36919,0.35775,0.3648,67288168.8,24400079.84,71907
1547078400000,2019-01-10 0:00:00,XRP/USDT,0.36479,0.37963,0.315,0.32464,182432057.4,63015215.64,152574
1547164800000,2019-01-11 0:00:00,XRP/USDT,0.32464,0.33418,0.31559,0.3258,74955650.2,24412830.45,94037
1547251200000,2019-01-12 0:00:00,XRP/USDT,0.3258,0.32977,0.32071,0.32557,38674176.1,12579459.69,54644
1547337600000,2019-01-13 0:00:00,XRP/USDT,0.32554,0.32953,0.30796,0.31132,56198037.6,17845500.58,59856
1547424000000,2019-01-14 0:00:00,XRP/USDT,0.31139,0.33593,0.31115,0.32871,65175057.4,21107405.23,71026
1547510400000,2019-01-15 0:00:00,XRP/USDT,0.3286,0.33176,0.31606,0.3215,54164499.2,17587679.76,64871
1547596800000,2019-01-16 0:00:00,XRP/USDT,0.32154,0.33196,0.3201,0.3257,48151576.2,15670242.95,59556
1547683200000,2019-01-17 0:00:00,XRP/USDT,0.3258,0.3284,0.31926,0.32489,46482575.6,15050768.29,58968
1547769600000,2019-01-18 0:00:00,XRP/USDT,0.32468,0.32548,0.3161,0.32036,31990322.9,10280587.42,44455
1547856000000,2019-01-19 0:00:00,XRP/USDT,0.32042,0.3325,0.31927,0.3267,43414969.4,14172186.91,50888
1547942400000,2019-01-20 0:00:00,XRP/USDT,0.32672,0.32861,0.31089,0.3168,40593702.6,12957741.17,48146
1548028800000,2019-01-21 0:00:00,XRP/USDT,0.31697,0.32163,0.3127,0.31767,29721620.1,9416171.524,43779
1548115200000,2019-01-22 0:00:00,XRP/USDT,0.31766,0.3202,0.30611,0.31762,51740083.2,16317684.23,60138
1548201600000,2019-01-23 0:00:00,XRP/USDT,0.31762,0.31933,0.312,0.31415,37351681.3,11800940.37,47968
1548288000000,2019-01-24 0:00:00,XRP/USDT,0.31422,0.31795,0.31255,0.31593,27176617.3,8561556.634,38617
1548374400000,2019-01-25 0:00:00,XRP/USDT,0.31584,0.31698,0.31,0.31384,23989294.4,7528099.419,36598
1548460800000,2019-01-26 0:00:00,XRP/USDT,0.314,0.31887,0.3119,0.31258,27927773.9,8782194.111,37734
1548547200000,2019-01-27 0:00:00,XRP/USDT,0.3126,0.31409,0.30272,0.30646,40448660.6,12492573.54,46839
1548633600000,2019-01-28 0:00:00,XRP/USDT,0.30653,0.30767,0.28089,0.29223,86788557,25369158.23,84364
1548720000000,2019-01-29 0:00:00,XRP/USDT,0.29223,0.294,0.28126,0.28693,46228128.9,13311591.58,57922
1548806400000,2019-01-30 0:00:00,XRP/USDT,0.28694,0.32646,0.28447,0.32109,135161854,42202164.52,114127
1548892800000,2019-01-31 0:00:00,XRP/USDT,0.32118,0.3358,0.30349,0.30911,173326720.7,54812345.83,148816
1548979200000,2019-02-01 0:00:00,XRP/USDT,0.3092,0.31197,0.295,0.30624,87742017.5,26700174.28,93872
1549065600000,2019-02-02 0:00:00,XRP/USDT,0.30628,0.31377,0.30428,0.3103,44389361.1,13640816.1,53361
1549152000000,2019-02-03 0:00:00,XRP/USDT,0.31042,0.31215,0.289,0.30219,55823769.6,16968204.22,59432
1549238400000,2019-02-04 0:00:00,XRP/USDT,0.30204,0.30566,0.29736,0.29939,44235957.5,13325536.77,51641
1549324800000,2019-02-05 0:00:00,XRP/USDT,0.29932,0.30225,0.29642,0.29972,53121022,15853498.13,54759
1549411200000,2019-02-06 0:00:00,XRP/USDT,0.29972,0.30101,0.28809,0.2894,60630230.6,17718861.64,69378
1549497600000,2019-02-07 0:00:00,XRP/USDT,0.28934,0.29469,0.28913,0.29145,32936661.6,9626719.691,45452
1549584000000,2019-02-08 0:00:00,XRP/USDT,0.29146,0.32129,0.28908,0.31205,93896197,28641390.67,99364
1549670400000,2019-02-09 0:00:00,XRP/USDT,0.31195,0.3164,0.30719,0.31215,65169202.2,20290088.7,77622
1549756800000,2019-02-10 0:00:00,XRP/USDT,0.31218,0.31286,0.29829,0.30988,65487258,19934978.57,76282
1549843200000,2019-02-11 0:00:00,XRP/USDT,0.30985,0.3103,0.30136,0.30255,41900510.2,12728464.02,62422
1549929600000,2019-02-12 0:00:00,XRP/USDT,0.30243,0.30842,0.29625,0.30514,50915657.1,15358313.92,57603
1550016000000,2019-02-13 0:00:00,XRP/USDT,0.3051,0.31373,0.30113,0.30382,54722420.4,16721771.67,61469
1550102400000,2019-02-14 0:00:00,XRP/USDT,0.30387,0.30556,0.29975,0.30081,38757408.1,11729954.92,47821
1550188800000,2019-02-15 0:00:00,XRP/USDT,0.30082,0.30646,0.296,0.30194,35931398.3,10832503.23,47728
1550275200000,2019-02-16 0:00:00,XRP/USDT,0.30195,0.30408,0.2997,0.30077,31126221.9,9391385.05,39518
1550361600000,2019-02-17 0:00:00,XRP/USDT,0.30084,0.308,0.29849,0.30318,49930873.1,15070219.15,47749
1550448000000,2019-02-18 0:00:00,XRP/USDT,0.3031,0.32862,0.30177,0.32194,172763975.2,54465043.95,151258
1550534400000,2019-02-19 0:00:00,XRP/USDT,0.32188,0.34777,0.31807,0.32238,198102626.4,65840466.22,178712
1550620800000,2019-02-20 0:00:00,XRP/USDT,0.3225,0.33476,0.3166,0.3315,103063793.8,33620034.42,115042
1550707200000,2019-02-21 0:00:00,XRP/USDT,0.33139,0.33297,0.31688,0.3207,74728496.6,24112948.14,78855
1550793600000,2019-02-22 0:00:00,XRP/USDT,0.32064,0.32333,0.31352,0.32105,47070036.8,15075900.29,58278
1550880000000,2019-02-23 0:00:00,XRP/USDT,0.32102,0.33395,0.31753,0.33201,65573265.4,21374994.02,64349
1550966400000,2019-02-24 0:00:00,XRP/USDT,0.33201,0.34345,0.29371,0.29757,168785982.4,53774945.9,140982
1551052800000,2019-02-25 0:00:00,XRP/USDT,0.29757,0.33975,0.29672,0.32731,198793053.8,63766205.88,157915
1551139200000,2019-02-26 0:00:00,XRP/USDT,0.3274,0.33502,0.31334,0.31658,156768298.4,50296752.49,139027
1551225600000,2019-02-27 0:00:00,XRP/USDT,0.31663,0.31874,0.30076,0.31067,86042683.7,26836386.61,81307
1551312000000,2019-02-28 0:00:00,XRP/USDT,0.31054,0.31771,0.30602,0.3139,82235972.7,25649682.97,79418
1551398400000,2019-03-01 0:00:00,XRP/USDT,0.31386,0.32354,0.31146,0.31564,82928007.7,26450566.43,75705
1551484800000,2019-03-02 0:00:00,XRP/USDT,0.31565,0.31819,0.30993,0.31382,49884108,15647042.15,56696
1551571200000,2019-03-03 0:00:00,XRP/USDT,0.31389,0.31542,0.308,0.31114,35107981,10959710.2,39242
1551657600000,2019-03-04 0:00:00,XRP/USDT,0.31115,0.31222,0.29728,0.30207,54554165.3,16547698.38,57629
1551744000000,2019-03-05 0:00:00,XRP/USDT,0.30197,0.31787,0.3008,0.31471,65812161.6,20428224.51,65306
1551830400000,2019-03-06 0:00:00,XRP/USDT,0.31473,0.32186,0.3095,0.31629,69108469.9,21761325.64,68602
1551916800000,2019-03-07 0:00:00,XRP/USDT,0.31628,0.31936,0.3124,0.31311,51060315.9,16092143.11,59083
1552003200000,2019-03-08 0:00:00,XRP/USDT,0.31324,0.316,0.305,0.30775,52311973,16277504.81,57754
1552089600000,2019-03-09 0:00:00,XRP/USDT,0.3078,0.319,0.3068,0.31389,60052162,18838307.48,64710
1552176000000,2019-03-10 0:00:00,XRP/USDT,0.31395,0.31705,0.30905,0.31289,43024192.8,13461275.94,49031
1552262400000,2019-03-11 0:00:00,XRP/USDT,0.31279,0.315,0.30658,0.30992,51679569.6,16045274.79,53810
1552348800000,2019-03-12 0:00:00,XRP/USDT,0.30991,0.31204,0.30766,0.31031,34008792.9,10562743.78,37834
1552435200000,2019-03-13 0:00:00,XRP/USDT,0.3103,0.32555,0.30733,0.31332,78566025.5,24765674.35,70639
1552521600000,2019-03-14 0:00:00,XRP/USDT,0.31345,0.31654,0.30585,0.31131,54311189.1,16915000.62,57351
1552608000000,2019-03-15 0:00:00,XRP/USDT,0.31131,0.31678,0.3107,0.31473,40022943.7,12556120.53,45084
1552694400000,2019-03-16 0:00:00,XRP/USDT,0.31485,0.323,0.31465,0.31868,59414487.2,18942070.28,64557
1552780800000,2019-03-17 0:00:00,XRP/USDT,0.31866,0.31892,0.314,0.3154,33510613.2,10588464.5,40297
1552867200000,2019-03-18 0:00:00,XRP/USDT,0.31546,0.32,0.31135,0.31452,46830749.7,14758458.44,48291
1552953600000,2019-03-19 0:00:00,XRP/USDT,0.31451,0.3166,0.3125,0.31594,37937661.9,11923966.97,43894
1553040000000,2019-03-20 0:00:00,XRP/USDT,0.31581,0.32275,0.3115,0.31779,61071284,19305865.15,58354
1553126400000,2019-03-21 0:00:00,XRP/USDT,0.3178,0.31915,0.29,0.30965,68244170.4,21207636.16,67223
1553212800000,2019-03-22 0:00:00,XRP/USDT,0.30965,0.31262,0.30642,0.31041,40997646.8,12708277.25,47521
1553299200000,2019-03-23 0:00:00,XRP/USDT,0.31041,0.31264,0.30883,0.31182,35555914.1,11050754.53,39272
1553385600000,2019-03-24 0:00:00,XRP/USDT,0.31174,0.31186,0.30471,0.30787,34884060.5,10758082.15,39103
1553472000000,2019-03-25 0:00:00,XRP/USDT,0.30792,0.308,0.3,0.3031,47533457.4,14470205.13,50480
1553558400000,2019-03-26 0:00:00,XRP/USDT,0.30296,0.30384,0.294,0.30302,45108158.9,13503616.09,49269
1553644800000,2019-03-27 0:00:00,XRP/USDT,0.303,0.31097,0.30055,0.31012,55385680.1,16995861.11,57231
1553731200000,2019-03-28 0:00:00,XRP/USDT,0.30986,0.31012,0.30418,0.30604,33354763.4,10226441.24,39530
1553817600000,2019-03-29 0:00:00,XRP/USDT,0.30603,0.31042,0.30475,0.30774,52565413.4,16151708.19,52467
1553904000000,2019-03-30 0:00:00,XRP/USDT,0.30775,0.31834,0.30687,0.31107,66842364.5,20896399.78,62859
1553990400000,2019-03-31 0:00:00,XRP/USDT,0.31092,0.31168,0.30718,0.30889,31804560,9842096.875,37012
1554076800000,2019-04-01 0:00:00,XRP/USDT,0.30889,0.31455,0.30739,0.31248,43573420.6,13587510.98,45109
1554163200000,2019-04-02 0:00:00,XRP/USDT,0.31249,0.35571,0.3115,0.3505,254825056.8,84753414.78,184258
1554249600000,2019-04-03 0:00:00,XRP/USDT,0.3505,0.3705,0.32354,0.34022,317885933,113046169.8,242363
1554336000000,2019-04-04 0:00:00,XRP/USDT,0.34022,0.34669,0.325,0.32996,142045982.4,47714820.7,134293
1554422400000,2019-04-05 0:00:00,XRP/USDT,0.32996,0.37999,0.32994,0.3613,277642035.5,100621892.7,216258
1554508800000,2019-04-06 0:00:00,XRP/USDT,0.36118,0.36224,0.3461,0.35264,127333234.4,45233281.72,112820
1554595200000,2019-04-07 0:00:00,XRP/USDT,0.35267,0.367,0.35041,0.3612,110132996.9,39597409.59,99902
1554681600000,2019-04-08 0:00:00,XRP/USDT,0.36149,0.37012,0.34365,0.35568,128130260.7,45648808.5,120076
1554768000000,2019-04-09 0:00:00,XRP/USDT,0.35558,0.35574,0.34385,0.34732,68738132.8,23969116.48,72785
1554854400000,2019-04-10 0:00:00,XRP/USDT,0.34728,0.3578,0.34608,0.35345,75219953.7,26594313.52,75488
1554940800000,2019-04-11 0:00:00,XRP/USDT,0.3535,0.35377,0.3191,0.32705,141965465.9,46956927.98,113160
1555027200000,2019-04-12 0:00:00,XRP/USDT,0.3271,0.3282,0.31391,0.32325,72144027.4,23275540.85,66068
1555113600000,2019-04-13 0:00:00,XRP/USDT,0.32314,0.3359,0.31936,0.32458,67170066.4,21933335.56,59615
1555200000000,2019-04-14 0:00:00,XRP/USDT,0.32459,0.33,0.32121,0.32762,36641180.9,11897726.92,38224
1555286400000,2019-04-15 0:00:00,XRP/USDT,0.32761,0.33184,0.31311,0.31905,60520268.3,19512733.39,54094
1555372800000,2019-04-16 0:00:00,XRP/USDT,0.31889,0.325,0.31541,0.32379,43657398.1,13974983,38362
1555459200000,2019-04-17 0:00:00,XRP/USDT,0.324,0.341,0.319,0.33436,104205590.3,34394029.84,85665
1555545600000,2019-04-18 0:00:00,XRP/USDT,0.33435,0.34671,0.33116,0.33533,89265139.5,30166552.68,74098
1555632000000,2019-04-19 0:00:00,XRP/USDT,0.33525,0.33537,0.32606,0.32999,56599475.8,18667104.95,54644
1555718400000,2019-04-20 0:00:00,XRP/USDT,0.33008,0.33241,0.321,0.32668,50641661.9,16621332.27,51440
1555804800000,2019-04-21 0:00:00,XRP/USDT,0.32673,0.32815,0.31356,0.31963,56724369.4,18142346.66,61037
1555891200000,2019-04-22 0:00:00,XRP/USDT,0.31972,0.3306,0.31624,0.32252,66794738.7,21587169.33,65901
1555977600000,2019-04-23 0:00:00,XRP/USDT,0.32232,0.32647,0.31684,0.31807,54953934,17746937.17,62109
1556064000000,2019-04-24 0:00:00,XRP/USDT,0.31802,0.31989,0.2888,0.29963,117021557.4,35150213.67,104260
1556150400000,2019-04-25 0:00:00,XRP/USDT,0.29971,0.30581,0.28455,0.29161,89489236.1,26604585.69,84302
1556236800000,2019-04-26 0:00:00,XRP/USDT,0.29162,0.30491,0.28839,0.3035,72046167.9,21424107.75,76073
1556323200000,2019-04-27 0:00:00,XRP/USDT,0.3034,0.30499,0.2975,0.29928,32921334.6,9887345.47,44419
1556409600000,2019-04-28 0:00:00,XRP/USDT,0.29942,0.30278,0.29535,0.29946,27792665.6,8317449.559,39891
1556496000000,2019-04-29 0:00:00,XRP/USDT,0.29948,0.30161,0.28959,0.29323,40369249.3,11919113.76,50409
1556582400000,2019-04-30 0:00:00,XRP/USDT,0.29313,0.31249,0.29154,0.3087,79732128.9,24312231.57,84159
1556668800000,2019-05-01 0:00:00,XRP/USDT,0.30855,0.31,0.29992,0.30304,48514885.7,14743040.14,62998
1556755200000,2019-05-02 0:00:00,XRP/USDT,0.30313,0.30478,0.30072,0.30205,33326988.7,10088286.69,51512
1556841600000,2019-05-03 0:00:00,XRP/USDT,0.30206,0.31053,0.3003,0.30784,69197287.9,21177888.51,79973
1556928000000,2019-05-04 0:00:00,XRP/USDT,0.30792,0.31856,0.29634,0.30305,66819936.9,20447567.12,78431
1557014400000,2019-05-05 0:00:00,XRP/USDT,0.30293,0.305,0.29892,0.30044,30103928.8,9074790.741,52064
1557100800000,2019-05-06 0:00:00,XRP/USDT,0.30044,0.30751,0.29479,0.30283,51001442.8,15374911.62,62586
1557187200000,2019-05-07 0:00:00,XRP/USDT,0.30284,0.30726,0.29712,0.29819,57173886.2,17309502.39,69373
1557273600000,2019-05-08 0:00:00,XRP/USDT,0.29843,0.30275,0.29567,0.29958,34177808.2,10250241.42,51336
1557360000000,2019-05-09 0:00:00,XRP/USDT,0.29957,0.30198,0.29195,0.29488,43626389.8,12951571.85,64450
1557446400000,2019-05-10 0:00:00,XRP/USDT,0.29475,0.30198,0.29061,0.29881,49685072.4,14747914.74,78664
1557532800000,2019-05-11 0:00:00,XRP/USDT,0.29877,0.3372,0.29801,0.31724,191745220,60813200.23,168786
1557619200000,2019-05-12 0:00:00,XRP/USDT,0.31703,0.32992,0.30233,0.31016,142010500.4,44648222.81,142925
1557705600000,2019-05-13 0:00:00,XRP/USDT,0.31014,0.329,0.30785,0.32409,135144821.2,43588295.04,117892
1557792000000,2019-05-14 0:00:00,XRP/USDT,0.32385,0.4362,0.32199,0.409,602192165.3,233868919.3,382984
1557878400000,2019-05-15 0:00:00,XRP/USDT,0.409,0.467,0.40737,0.45734,281029374.4,122406943.5,186963
1557964800000,2019-05-16 0:00:00,XRP/USDT,0.45723,0.479,0.39334,0.41876,456302195.7,197563549,333616
1558051200000,2019-05-17 0:00:00,XRP/USDT,0.41891,0.42394,0.3585,0.38862,348570589.6,133157321.5,271369
1558137600000,2019-05-18 0:00:00,XRP/USDT,0.38858,0.39598,0.3634,0.37183,147757619.6,55731993.67,135377
1558224000000,2019-05-19 0:00:00,XRP/USDT,0.37178,0.42796,0.37,0.41631,242837597.6,97668099.31,210688
1558310400000,2019-05-20 0:00:00,XRP/USDT,0.41612,0.41647,0.37812,0.39636,186638980.5,73954519.42,171025
1558396800000,2019-05-21 0:00:00,XRP/USDT,0.39629,0.40738,0.3853,0.39524,136551127.7,53950488.33,132143
1558483200000,2019-05-22 0:00:00,XRP/USDT,0.39515,0.4111,0.366,0.37183,163758384.8,63767561.92,141977
1558569600000,2019-05-23 0:00:00,XRP/USDT,0.37171,0.38269,0.36091,0.37956,123020941.9,45712569.71,108145
1558656000000,2019-05-24 0:00:00,XRP/USDT,0.37989,0.39375,0.36982,0.38286,128350309.9,49275420.86,114678
1558742400000,2019-05-25 0:00:00,XRP/USDT,0.38286,0.393,0.37941,0.3852,74444217.1,28713578.95,70130
1558828800000,2019-05-26 0:00:00,XRP/USDT,0.38526,0.41368,0.373,0.40372,96380922,37756572.67,86612
1558915200000,2019-05-27 0:00:00,XRP/USDT,0.40364,0.44645,0.399,0.43331,198385219.3,83039407.86,174482
1559001600000,2019-05-28 0:00:00,XRP/USDT,0.4334,0.4611,0.4176,0.44877,245797208.7,107876505.1,198648
1559088000000,2019-05-29 0:00:00,XRP/USDT,0.44863,0.45701,0.42,0.44307,205712650.4,90894593.91,175046
1559174400000,2019-05-30 0:00:00,XRP/USDT,0.44286,0.4735,0.401,0.41789,347536093.1,155017970.6,257095
1559260800000,2019-05-31 0:00:00,XRP/USDT,0.41809,0.4408,0.40614,0.43851,193230057.5,81751522.21,168694
1559347200000,2019-06-01 0:00:00,XRP/USDT,0.43849,0.44169,0.41664,0.42894,113888226.1,49238915.75,117859
1559433600000,2019-06-02 0:00:00,XRP/USDT,0.42856,0.44695,0.42735,0.44396,102419845.2,44973534.63,103531
1559520000000,2019-06-03 0:00:00,XRP/USDT,0.44396,0.465,0.417,0.41731,235501937.2,104328481.5,206456
1559606400000,2019-06-04 0:00:00,XRP/USDT,0.41739,0.41934,0.3836,0.39878,220369532.7,89143978.18,206294
1559692800000,2019-06-05 0:00:00,XRP/USDT,0.3989,0.40597,0.3871,0.4001,129307000.7,51543647.84,140979
1559779200000,2019-06-06 0:00:00,XRP/USDT,0.39997,0.427,0.39024,0.41937,187115409.8,76729329.76,166982
1559865600000,2019-06-07 0:00:00,XRP/USDT,0.41935,0.43003,0.41389,0.41886,121225704.2,51138467.59,120088
1559952000000,2019-06-08 0:00:00,XRP/USDT,0.41871,0.42222,0.4021,0.40699,77326412.3,31886670.37,88909
1560038400000,2019-06-09 0:00:00,XRP/USDT,0.40699,0.41043,0.37,0.38527,117296911.4,45513473.56,118307
1560124800000,2019-06-10 0:00:00,XRP/USDT,0.38528,0.40346,0.37985,0.3999,111675278.5,43927195.38,115417
1560211200000,2019-06-11 0:00:00,XRP/USDT,0.39985,0.40195,0.38175,0.39192,75361808.1,29435000.46,90311
1560297600000,2019-06-12 0:00:00,XRP/USDT,0.39209,0.402,0.38726,0.40074,80803548.9,31939889.17,92046
1560384000000,2019-06-13 0:00:00,XRP/USDT,0.40075,0.40804,0.3942,0.39876,76971683.5,30894024.25,86869
1560470400000,2019-06-14 0:00:00,XRP/USDT,0.39872,0.40364,0.39025,0.40201,70743211.6,28025633.51,89064
1560556800000,2019-06-15 0:00:00,XRP/USDT,0.40201,0.41213,0.40052,0.4095,144441080.7,58839424.43,135327
1560643200000,2019-06-16 0:00:00,XRP/USDT,0.40949,0.44098,0.40583,0.42703,179818739.9,75742406.87,161611
1560729600000,2019-06-17 0:00:00,XRP/USDT,0.42701,0.46311,0.42181,0.44705,310680509.3,135725597.8,227999
1560816000000,2019-06-18 0:00:00,XRP/USDT,0.44705,0.45499,0.41963,0.42694,247437564.9,108018660.6,213078
1560902400000,2019-06-19 0:00:00,XRP/USDT,0.42697,0.43852,0.42369,0.43406,95631659.5,41253569.31,106815
1560988800000,2019-06-20 0:00:00,XRP/USDT,0.43426,0.43592,0.4198,0.42995,91377053.5,39061819.45,101636
1561075200000,2019-06-21 0:00:00,XRP/USDT,0.42986,0.45,0.42925,0.4425,115252934.3,50628737.74,116661
1561161600000,2019-06-22 0:00:00,XRP/USDT,0.44262,0.50999,0.43752,0.47729,348224018.7,163666705.9,268424
1561248000000,2019-06-23 0:00:00,XRP/USDT,0.47714,0.49298,0.465,0.47015,162392192.9,77700320.64,156044
1561334400000,2019-06-24 0:00:00,XRP/USDT,0.47015,0.47585,0.45,0.47385,116373926.2,53803330,112312
1561420800000,2019-06-25 0:00:00,XRP/USDT,0.47391,0.47654,0.455,0.46809,156717428.9,73261711.58,135540
1561507200000,2019-06-26 0:00:00,XRP/USDT,0.46809,0.4968,0.453,0.46805,287100067.5,136848810.8,257473
1561593600000,2019-06-27 0:00:00,XRP/USDT,0.46773,0.47176,0.3951,0.41049,300234945.9,128329754.9,262650
1561680000000,2019-06-28 0:00:00,XRP/USDT,0.41061,0.4272,0.40582,0.4261,139943710.4,57991632.69,150399
1561766400000,2019-06-29 0:00:00,XRP/USDT,0.426,0.43,0.40392,0.4262,128452215.5,53627022.71,137188
1561852800000,2019-06-30 0:00:00,XRP/USDT,0.42597,0.42859,0.3954,0.3962,118288754.1,48657002.57,126465
1561939200000,2019-07-01 0:00:00,XRP/USDT,0.39637,0.42298,0.38804,0.40691,135870243.9,54871430.13,138563
1562025600000,2019-07-02 0:00:00,XRP/USDT,0.40694,0.41125,0.38386,0.39794,105939905.9,41865559.99,117094
1562112000000,2019-07-03 0:00:00,XRP/USDT,0.39787,0.40666,0.3934,0.40456,78793554.4,31538551.19,90500
1562198400000,2019-07-04 0:00:00,XRP/USDT,0.40458,0.4052,0.385,0.38723,71298699.9,28153103.43,85963
1562284800000,2019-07-05 0:00:00,XRP/USDT,0.38722,0.38825,0.37325,0.37881,71395559.6,27193614.58,84023
1562371200000,2019-07-06 0:00:00,XRP/USDT,0.3787,0.4099,0.37826,0.39031,94972192.3,37452447.11,99868
1562457600000,2019-07-07 0:00:00,XRP/USDT,0.39031,0.4007,0.38683,0.39651,65893195.7,25937872.46,80093
1562544000000,2019-07-08 0:00:00,XRP/USDT,0.39651,0.403,0.39114,0.40073,68579169.6,27221148.63,78222
1562630400000,2019-07-09 0:00:00,XRP/USDT,0.40072,0.40725,0.38875,0.39362,84918198.9,33777741.16,93981
1562716800000,2019-07-10 0:00:00,XRP/USDT,0.39361,0.39646,0.34502,0.36154,140899188,51886276.26,144363
1562803200000,2019-07-11 0:00:00,XRP/USDT,0.36141,0.36285,0.31574,0.32875,168118356.8,55859987.09,161574
1562889600000,2019-07-12 0:00:00,XRP/USDT,0.32888,0.34988,0.31968,0.34336,126888778,42835211.79,115413
1562976000000,2019-07-13 0:00:00,XRP/USDT,0.34336,0.34439,0.32359,0.33206,86057978.8,28675157.34,89325
1563062400000,2019-07-14 0:00:00,XRP/USDT,0.33214,0.33549,0.2992,0.30366,132780312.2,41832098.15,132443
1563148800000,2019-07-15 0:00:00,XRP/USDT,0.30366,0.32376,0.29474,0.31287,160631099.6,49982145.32,159417
1563235200000,2019-07-16 0:00:00,XRP/USDT,0.31287,0.32032,0.286,0.29543,162767430.3,49219244.81,162253
1563321600000,2019-07-17 0:00:00,XRP/USDT,0.29545,0.32365,0.29264,0.31032,159617507.6,49013568.84,167509
1563408000000,2019-07-18 0:00:00,XRP/USDT,0.31032,0.327,0.30257,0.32035,129902403.6,41034748.08,137000
1563494400000,2019-07-19 0:00:00,XRP/USDT,0.32035,0.32215,0.30959,0.3188,68682413.2,21723291.88,90742
1563580800000,2019-07-20 0:00:00,XRP/USDT,0.3187,0.34094,0.31818,0.33279,84000903.4,27729535.56,90591
1563667200000,2019-07-21 0:00:00,XRP/USDT,0.33269,0.33501,0.32053,0.33075,64040258.2,20985358.45,75857
1563753600000,2019-07-22 0:00:00,XRP/USDT,0.33059,0.33259,0.3157,0.32111,64393272.5,20794379.39,73334
1563840000000,2019-07-23 0:00:00,XRP/USDT,0.32135,0.32135,0.30572,0.30891,63905860.1,19990194.79,76827
1563926400000,2019-07-24 0:00:00,XRP/USDT,0.30877,0.31905,0.30251,0.31548,67739907.8,21031280.79,78839
1564012800000,2019-07-25 0:00:00,XRP/USDT,0.31547,0.323,0.31117,0.31335,54892791.7,17408784.04,66454
1564099200000,2019-07-26 0:00:00,XRP/USDT,0.31332,0.32514,0.307,0.32303,55029583.8,17390073.67,62846
1564185600000,2019-07-27 0:00:00,XRP/USDT,0.32303,0.32621,0.3054,0.30965,64056737.5,20077776.26,75595
1564272000000,2019-07-28 0:00:00,XRP/USDT,0.30966,0.31478,0.3,0.31218,42792457.7,13205456.19,54388
1564358400000,2019-07-29 0:00:00,XRP/USDT,0.31217,0.31478,0.306,0.31004,39176999,12160589.27,54550
1564444800000,2019-07-30 0:00:00,XRP/USDT,0.31004,0.32213,0.30665,0.31823,52340164.1,16493828.11,59940
1564531200000,2019-07-31 0:00:00,XRP/USDT,0.31811,0.32348,0.3151,0.31959,48948448.5,15611152.43,60737
1564617600000,2019-08-01 0:00:00,XRP/USDT,0.3195,0.3199,0.3114,0.31575,46026847.5,14465865.36,58206
1564704000000,2019-08-02 0:00:00,XRP/USDT,0.31554,0.31785,0.30836,0.31178,43108296.3,13509244.26,52619
1564790400000,2019-08-03 0:00:00,XRP/USDT,0.3117,0.31747,0.31091,0.31596,39924755.2,12570636.58,52161
1564876800000,2019-08-04 0:00:00,XRP/USDT,0.31595,0.32298,0.31181,0.31813,52990179.1,16836080.92,57848
1564963200000,2019-08-05 0:00:00,XRP/USDT,0.31823,0.331,0.31798,0.32242,86161482,27896049.92,84676
1565049600000,2019-08-06 0:00:00,XRP/USDT,0.32232,0.32421,0.308,0.3116,73359257.9,23246485.48,74937
1565136000000,2019-08-07 0:00:00,XRP/USDT,0.3116,0.31688,0.30694,0.31109,60660819,18897622.56,71918
1565222400000,2019-08-08 0:00:00,XRP/USDT,0.31093,0.31204,0.30452,0.30825,57294619.1,17625369.38,65386
1565308800000,2019-08-09 0:00:00,XRP/USDT,0.30823,0.30921,0.2901,0.29649,57778056.4,17288289.04,67592
1565395200000,2019-08-10 0:00:00,XRP/USDT,0.2965,0.30562,0.29237,0.29918,58253124,17414209.87,64260
1565481600000,2019-08-11 0:00:00,XRP/USDT,0.29907,0.30605,0.29501,0.30316,36131805.2,10872100.39,49872
1565568000000,2019-08-12 0:00:00,XRP/USDT,0.30316,0.30536,0.298,0.3006,26440605.7,7958806.063,40292
1565654400000,2019-08-13 0:00:00,XRP/USDT,0.3006,0.30129,0.29295,0.298,32483448.9,9634244.27,48492
1565740800000,2019-08-14 0:00:00,XRP/USDT,0.29795,0.29864,0.243,0.26353,142518597.1,38446280.88,116447
1565827200000,2019-08-15 0:00:00,XRP/USDT,0.26346,0.2707,0.25875,0.26378,72594115.1,19154006.83,61001
1565913600000,2019-08-16 0:00:00,XRP/USDT,0.26392,0.26526,0.25395,0.26047,66289982.6,17250832.84,70452
1566000000000,2019-08-17 0:00:00,XRP/USDT,0.26029,0.26953,0.25648,0.26546,56461024.9,14887433.66,63391
1566086400000,2019-08-18 0:00:00,XRP/USDT,0.26535,0.2919,0.26353,0.2832,87006862.6,24368646.47,72869
1566172800000,2019-08-19 0:00:00,XRP/USDT,0.28321,0.29035,0.27558,0.28202,69411983.5,19652851.26,60857
1566259200000,2019-08-20 0:00:00,XRP/USDT,0.28195,0.28234,0.2696,0.27432,49280235.2,13562253.57,52408
1566345600000,2019-08-21 0:00:00,XRP/USDT,0.27432,0.27448,0.25871,0.26589,60607962.3,16072611.98,59345
1566432000000,2019-08-22 0:00:00,XRP/USDT,0.26589,0.27419,0.26028,0.27039,58263968.5,15653020.23,74102
1566518400000,2019-08-23 0:00:00,XRP/USDT,0.27038,0.27815,0.26727,0.27664,45140229.6,12336542.78,53838
1566604800000,2019-08-24 0:00:00,XRP/USDT,0.27663,0.27726,0.2637,0.27137,42809616.8,11569289.12,49049
1566691200000,2019-08-25 0:00:00,XRP/USDT,0.27149,0.27602,0.26597,0.26954,45191941.2,12245907.45,51680
1566777600000,2019-08-26 0:00:00,XRP/USDT,0.26961,0.27969,0.26704,0.27051,59046898.9,16038543.39,55102
1566864000000,2019-08-27 0:00:00,XRP/USDT,0.27051,0.27065,0.26513,0.26954,34119040.9,9160037.93,38730
1566950400000,2019-08-28 0:00:00,XRP/USDT,0.26955,0.26974,0.24765,0.25629,55448237.7,14351204.18,49408
1567036800000,2019-08-29 0:00:00,XRP/USDT,0.25614,0.26264,0.247,0.25698,74454641.4,18910937.66,66656
1567123200000,2019-08-30 0:00:00,XRP/USDT,0.25712,0.2576,0.25199,0.25539,46587713,11878607.93,47939
1567209600000,2019-08-31 0:00:00,XRP/USDT,0.25541,0.26047,0.25288,0.25747,36321425.5,9309855.463,40828
1567296000000,2019-09-01 0:00:00,XRP/USDT,0.25747,0.25891,0.25,0.25593,32881805.2,8396989.384,39569
1567382400000,2019-09-02 0:00:00,XRP/USDT,0.25596,0.26428,0.25295,0.2606,60783394.6,15660047.93,54675
1567468800000,2019-09-03 0:00:00,XRP/USDT,0.2606,0.267,0.25751,0.26242,56305107.1,14738850.84,59268
1567555200000,2019-09-04 0:00:00,XRP/USDT,0.26252,0.26299,0.25598,0.25843,49398294.2,12827285.99,54442
1567641600000,2019-09-05 0:00:00,XRP/USDT,0.25843,0.25937,0.25337,0.25617,43270120.3,11089322.56,46246
1567728000000,2019-09-06 0:00:00,XRP/USDT,0.25616,0.25868,0.24692,0.2511,63377736.5,16136824.77,57313
1567814400000,2019-09-07 0:00:00,XRP/USDT,0.25115,0.26285,0.25009,0.25993,53971229,13824418.38,55309
1567900800000,2019-09-08 0:00:00,XRP/USDT,0.25989,0.26591,0.2555,0.26205,65033003.6,17002657.73,58789
1567987200000,2019-09-09 0:00:00,XRP/USDT,0.26205,0.26423,0.25634,0.25855,58537945.7,15205988.48,52826
1568073600000,2019-09-10 0:00:00,XRP/USDT,0.25869,0.26371,0.2535,0.25859,61643971.4,15995536.3,46972
1568160000000,2019-09-11 0:00:00,XRP/USDT,0.25855,0.26092,0.251,0.25519,56043242.1,14279228.06,45009
1568246400000,2019-09-12 0:00:00,XRP/USDT,0.25515,0.25686,0.25087,0.25406,58547444.6,14843159.9,44658
1568332800000,2019-09-13 0:00:00,XRP/USDT,0.25404,0.256,0.25132,0.2552,47599708.2,12086872.25,42137
1568419200000,2019-09-14 0:00:00,XRP/USDT,0.25536,0.26551,0.25389,0.26124,70537163.6,18393277.18,50706
1568505600000,2019-09-15 0:00:00,XRP/USDT,0.26125,0.26419,0.25386,0.26022,51661196.3,13494004.95,41500
1568592000000,2019-09-16 0:00:00,XRP/USDT,0.26015,0.263,0.25664,0.26098,44531031.7,11582013.03,39347
1568678400000,2019-09-17 0:00:00,XRP/USDT,0.26103,0.2985,0.25944,0.28561,217381018.1,61450339.08,128949
1568764800000,2019-09-18 0:00:00,XRP/USDT,0.28553,0.32631,0.28493,0.31344,300972127.9,93346877.96,170133
1568851200000,2019-09-19 0:00:00,XRP/USDT,0.31344,0.31345,0.28208,0.30062,277316439.7,82282462,148933
1568937600000,2019-09-20 0:00:00,XRP/USDT,0.30064,0.30159,0.2835,0.2936,159272561.6,46476133.73,87076
1569024000000,2019-09-21 0:00:00,XRP/USDT,0.2936,0.298,0.28625,0.28961,113934352.2,33163246.27,66568
1569110400000,2019-09-22 0:00:00,XRP/USDT,0.28964,0.28982,0.2686,0.27653,117475940.3,32630853.07,69721
1569196800000,2019-09-23 0:00:00,XRP/USDT,0.27656,0.28666,0.26601,0.26786,154408602.2,42540797.19,83469
1569283200000,2019-09-24 0:00:00,XRP/USDT,0.26787,0.27317,0.21333,0.23282,302577184.1,74890289.35,161683
1569369600000,2019-09-25 0:00:00,XRP/USDT,0.23282,0.24953,0.23132,0.2457,169757552.3,40828894.01,112511
1569456000000,2019-09-26 0:00:00,XRP/USDT,0.24567,0.25,0.22775,0.2422,125772838.7,30233595.4,74329
1569542400000,2019-09-27 0:00:00,XRP/USDT,0.2423,0.248,0.23296,0.24208,89138447.6,21396438.05,61732
1569628800000,2019-09-28 0:00:00,XRP/USDT,0.24209,0.24433,0.238,0.24163,45238244.9,10912438.14,40609
1569715200000,2019-09-29 0:00:00,XRP/USDT,0.24165,0.24261,0.23427,0.24024,43877272.4,10450612.05,40201
1569801600000,2019-09-30 0:00:00,XRP/USDT,0.24024,0.26192,0.2354,0.2566,156913857,39681370.17,104760
1569888000000,2019-10-01 0:00:00,XRP/USDT,0.25659,0.261,0.24441,0.24788,125393526.7,31747823.25,77751
1569974400000,2019-10-02 0:00:00,XRP/USDT,0.24787,0.25481,0.24421,0.25247,97406245.2,24270217.96,54979
1570060800000,2019-10-03 0:00:00,XRP/USDT,0.25248,0.25305,0.24159,0.24674,71409676.9,17609786.13,41656
1570147200000,2019-10-04 0:00:00,XRP/USDT,0.24687,0.25664,0.2445,0.25243,90663663.4,22794419.62,54119
1570233600000,2019-10-05 0:00:00,XRP/USDT,0.2525,0.2566,0.24671,0.25325,82519531.3,20818475.3,57881
1570320000000,2019-10-06 0:00:00,XRP/USDT,0.25325,0.25634,0.2506,0.25552,63421400.1,16049454.66,57675
1570406400000,2019-10-07 0:00:00,XRP/USDT,0.25551,0.28114,0.25333,0.27592,210990372.8,57283043.35,126843
1570492800000,2019-10-08 0:00:00,XRP/USDT,0.27584,0.28548,0.27062,0.2774,121934629.7,33759866.37,84685
1570579200000,2019-10-09 0:00:00,XRP/USDT,0.2774,0.28693,0.27358,0.28082,105865868.2,29652647.36,87688
1570665600000,2019-10-10 0:00:00,XRP/USDT,0.28089,0.28168,0.26455,0.27021,80850590.7,22049865.1,68618
1570752000000,2019-10-11 0:00:00,XRP/USDT,0.27021,0.27485,0.26431,0.26743,71539111.7,19245009.01,69160
1570838400000,2019-10-12 0:00:00,XRP/USDT,0.26741,0.27729,0.26712,0.27226,57869923.4,15793462.49,60193
1570924800000,2019-10-13 0:00:00,XRP/USDT,0.27232,0.28138,0.27109,0.27726,70808721.8,19658319.6,68669
1571011200000,2019-10-14 0:00:00,XRP/USDT,0.27729,0.29779,0.27641,0.29727,151725088,43914160.13,102500
1571097600000,2019-10-15 0:00:00,XRP/USDT,0.29722,0.299,0.283,0.28859,147821843.4,43050670.16,95250
1571184000000,2019-10-16 0:00:00,XRP/USDT,0.28859,0.29219,0.27858,0.28331,109182836.2,31117606.76,83972
1571270400000,2019-10-17 0:00:00,XRP/USDT,0.28334,0.3038,0.27969,0.30167,147918252.3,43648518.98,106027
1571356800000,2019-10-18 0:00:00,XRP/USDT,0.30166,0.30207,0.28433,0.29404,133405177.2,38944008.26,91493
1571443200000,2019-10-19 0:00:00,XRP/USDT,0.29404,0.29952,0.287,0.29145,103575426.6,30340201.86,78406
1571529600000,2019-10-20 0:00:00,XRP/USDT,0.29144,0.29615,0.28091,0.29386,111491956.5,32197424.45,84706
1571616000000,2019-10-21 0:00:00,XRP/USDT,0.29393,0.2942,0.28826,0.29187,71906227.9,20925101.97,68689
1571702400000,2019-10-22 0:00:00,XRP/USDT,0.29186,0.30278,0.28862,0.29046,102870808,30355779.12,83538
1571788800000,2019-10-23 0:00:00,XRP/USDT,0.29041,0.29127,0.25005,0.27306,187716543.6,51332366.5,124254
1571875200000,2019-10-24 0:00:00,XRP/USDT,0.27307,0.28,0.26629,0.27596,99386341.1,27095997.91,82303
1571961600000,2019-10-25 0:00:00,XRP/USDT,0.27597,0.3081,0.2742,0.29829,199230614.5,58012555.97,135872
1572048000000,2019-10-26 0:00:00,XRP/USDT,0.29839,0.312,0.284,0.29351,270708034.1,80688942.42,187449
1572134400000,2019-10-27 0:00:00,XRP/USDT,0.29351,0.30213,0.28901,0.29818,180544647.9,53575550.19,129941
1572220800000,2019-10-28 0:00:00,XRP/USDT,0.29825,0.3051,0.29309,0.29447,134306597.1,40059342.62,108779
1572307200000,2019-10-29 0:00:00,XRP/USDT,0.29443,0.30972,0.29416,0.30192,145791308.2,43828554.09,115277
1572393600000,2019-10-30 0:00:00,XRP/USDT,0.30192,0.30636,0.29016,0.29471,117887579.1,35044956.87,93679
1572480000000,2019-10-31 0:00:00,XRP/USDT,0.29471,0.29874,0.28777,0.29452,100846140.4,29601327.49,79089
1572566400000,2019-11-01 0:00:00,XRP/USDT,0.29459,0.2946,0.28448,0.29146,85376671.8,24809316.47,77869
1572652800000,2019-11-02 0:00:00,XRP/USDT,0.29148,0.2975,0.29112,0.29456,72552309.1,21323849.06,61205
1572739200000,2019-11-03 0:00:00,XRP/USDT,0.29456,0.29614,0.28855,0.29024,69064994.6,20112216.21,56999
1572825600000,2019-11-04 0:00:00,XRP/USDT,0.29024,0.2999,0.2891,0.29863,85410877,25105863.27,68956
1572912000000,2019-11-05 0:00:00,XRP/USDT,0.29863,0.30443,0.29416,0.30061,107569775.1,32311660.74,89982
1572998400000,2019-11-06 0:00:00,XRP/USDT,0.30062,0.31367,0.2961,0.31009,107581885.7,32657633.9,85077
1573084800000,2019-11-07 0:00:00,XRP/USDT,0.31016,0.3149,0.27503,0.29061,235871367.3,69353199.83,148684
1573171200000,2019-11-08 0:00:00,XRP/USDT,0.29068,0.291,0.27023,0.27547,165657651.6,46386875.33,111020
1573257600000,2019-11-09 0:00:00,XRP/USDT,0.27546,0.28156,0.2745,0.2799,62848374.8,17509161.48,54961
1573344000000,2019-11-10 0:00:00,XRP/USDT,0.2799,0.284,0.27658,0.27894,72586430.6,20319030.73,62298
1573430400000,2019-11-11 0:00:00,XRP/USDT,0.27899,0.28106,0.26935,0.27423,69450589.5,19091462.71,61589
1573516800000,2019-11-12 0:00:00,XRP/USDT,0.27423,0.27641,0.2676,0.27222,77851651.4,21181919.67,69679
1573603200000,2019-11-13 0:00:00,XRP/USDT,0.27224,0.27563,0.27013,0.27202,52680673.1,14359109.12,42600
1573689600000,2019-11-14 0:00:00,XRP/USDT,0.27207,0.27294,0.26354,0.26795,72326033.6,19366232.44,58326
1573776000000,2019-11-15 0:00:00,XRP/USDT,0.26795,0.26952,0.25303,0.26069,111865363.4,29381854.31,88508
1573862400000,2019-11-16 0:00:00,XRP/USDT,0.2607,0.26444,0.25911,0.26218,52279882,13670861.71,50827
1573948800000,2019-11-17 0:00:00,XRP/USDT,0.2622,0.266,0.25891,0.26311,52073288.4,13707451.7,51435
1574035200000,2019-11-18 0:00:00,XRP/USDT,0.26316,0.26318,0.2411,0.25179,99156396.1,25302252.64,76284
1574121600000,2019-11-19 0:00:00,XRP/USDT,0.25174,0.25654,0.243,0.25398,87899568.3,21882500.8,70657
1574208000000,2019-11-20 0:00:00,XRP/USDT,0.25398,0.25861,0.24809,0.25014,78924129.3,19902291.15,63501
1574294400000,2019-11-21 0:00:00,XRP/USDT,0.25022,0.25349,0.23613,0.24345,113065484.5,27594274.95,84340
1574380800000,2019-11-22 0:00:00,XRP/USDT,0.24345,0.2459,0.22122,0.23,176993164.6,41301641.15,130275
1574467200000,2019-11-23 0:00:00,XRP/USDT,0.23004,0.23541,0.22526,0.23407,86883225.5,20015819.08,72712
1574553600000,2019-11-24 0:00:00,XRP/USDT,0.23409,0.23466,0.21829,0.21989,95589320.7,21702594.78,75283
1574640000000,2019-11-25 0:00:00,XRP/USDT,0.22011,0.225,0.20013,0.21731,227026861.8,48844307.83,138199
1574726400000,2019-11-26 0:00:00,XRP/USDT,0.2173,0.2219,0.21327,0.2206,87574733.7,19092485.28,70183
1574812800000,2019-11-27 0:00:00,XRP/USDT,0.22054,0.2295,0.21259,0.224,119843833.4,26524670.22,94370
1574899200000,2019-11-28 0:00:00,XRP/USDT,0.22408,0.22946,0.22246,0.22313,58823779.6,13310126.06,53416
1574985600000,2019-11-29 0:00:00,XRP/USDT,0.22312,0.23229,0.22245,0.22998,59986942.5,13672137.93,51240
1575072000000,2019-11-30 0:00:00,XRP/USDT,0.22997,0.23192,0.22354,0.2255,48634883,11052152.99,37389
1575158400000,2019-12-01 0:00:00,XRP/USDT,0.22549,0.2255,0.2186,0.22477,61721844.7,13691786.76,34536
1575244800000,2019-12-02 0:00:00,XRP/USDT,0.22471,0.22623,0.21731,0.21914,65856138.9,14526198.88,30561
1575331200000,2019-12-03 0:00:00,XRP/USDT,0.21904,0.22182,0.2178,0.21951,34655745.6,7614717.26,21296
1575417600000,2019-12-04 0:00:00,XRP/USDT,0.2195,0.22491,0.20952,0.2139,110743259.9,24000030.16,56443
1575504000000,2019-12-05 0:00:00,XRP/USDT,0.21398,0.2262,0.212,0.22118,93382862.7,20382570.69,42421
1575590400000,2019-12-06 0:00:00,XRP/USDT,0.22118,0.2268,0.2191,0.22546,72738701.2,16179037.21,32168
1575676800000,2019-12-07 0:00:00,XRP/USDT,0.22554,0.228,0.22281,0.22699,46945345.8,10596180.4,22739
1575763200000,2019-12-08 0:00:00,XRP/USDT,0.22702,0.232,0.2237,0.22909,54256414.2,12372294.13,24897
1575849600000,2019-12-09 0:00:00,XRP/USDT,0.22913,0.23083,0.22113,0.22445,53369564.5,12075583.63,24205
1575936000000,2019-12-10 0:00:00,XRP/USDT,0.22435,0.2256,0.21894,0.22256,44719099.9,9920308.103,21705
1576022400000,2019-12-11 0:00:00,XRP/USDT,0.22256,0.22365,0.21973,0.22093,26282978.3,5820575.256,14103
1576108800000,2019-12-12 0:00:00,XRP/USDT,0.22103,0.22322,0.2164,0.21837,49354032.6,10844545.42,25865
1576195200000,2019-12-13 0:00:00,XRP/USDT,0.21837,0.22074,0.21537,0.22054,51935733.1,11344997.48,26599
1576281600000,2019-12-14 0:00:00,XRP/USDT,0.22055,0.22086,0.21463,0.21605,31455442.1,6831705.157,16884
1576368000000,2019-12-15 0:00:00,XRP/USDT,0.21605,0.21939,0.21463,0.21735,26223163.5,5695553.744,13808
1576454400000,2019-12-16 0:00:00,XRP/USDT,0.21735,0.21747,0.202,0.2055,86445966.4,18111443.95,40586
1576540800000,2019-12-17 0:00:00,XRP/USDT,0.20547,0.20568,0.17754,0.1831,262505370.5,49983422.82,101182
1576627200000,2019-12-18 0:00:00,XRP/USDT,0.1831,0.2,0.175,0.19573,208259366.7,39019551.7,90445
1576713600000,2019-12-19 0:00:00,XRP/USDT,0.19573,0.19706,0.18447,0.1878,89497528.3,16898416.26,40031
1576800000000,2019-12-20 0:00:00,XRP/USDT,0.1878,0.19787,0.18369,0.19521,142835629.8,27304791.68,59717
1576886400000,2019-12-21 0:00:00,XRP/USDT,0.19508,0.19617,0.18993,0.19143,57760061,11107941.81,24251
1576972800000,2019-12-22 0:00:00,XRP/USDT,0.19134,0.19665,0.19045,0.19649,53300985.1,10331460.61,25689
1577059200000,2019-12-23 0:00:00,XRP/USDT,0.1965,0.19974,0.18809,0.18953,94859486.6,18435268.92,43195
1577145600000,2019-12-24 0:00:00,XRP/USDT,0.18958,0.19413,0.18745,0.19077,66325389.4,12636776.75,30991
1577232000000,2019-12-25 0:00:00,XRP/USDT,0.19069,0.19137,0.18633,0.18852,39672557.2,7478003.202,19933
1577318400000,2019-12-26 0:00:00,XRP/USDT,0.18864,0.1941,0.18722,0.18923,46612594.5,8857810.273,24912
1577404800000,2019-12-27 0:00:00,XRP/USDT,0.18924,0.19015,0.1848,0.19003,34971243.8,6588601.727,21275
1577491200000,2019-12-28 0:00:00,XRP/USDT,0.19003,0.19469,0.18969,0.1932,36743672.9,7086061.707,20550
1577577600000,2019-12-29 0:00:00,XRP/USDT,0.19321,0.1985,0.1908,0.19653,49069370.3,9561940.205,33733
1577664000000,2019-12-30 0:00:00,XRP/USDT,0.19651,0.1979,0.19206,0.19326,41924910.4,8159012.311,35279
1577750400000,2019-12-31 0:00:00,XRP/USDT,0.19327,0.19422,0.18988,0.19295,40610029.3,7799069.732,34192
1577836800000,2020-01-01 0:00:00,XRP/USDT,0.19285,0.19526,0.19219,0.19305,29773022.6,5771433.604,30283
1577923200000,2020-01-02 0:00:00,XRP/USDT,0.19304,0.19304,0.18508,0.1875,47912105.6,9073315.019,37321
1578009600000,2020-01-03 0:00:00,XRP/USDT,0.1875,0.19395,0.1845,0.19338,70390779.3,13425667.29,50474
1578096000000,2020-01-04 0:00:00,XRP/USDT,0.19331,0.19363,0.19119,0.19305,34239655.4,6591839.236,29964
1578182400000,2020-01-05 0:00:00,XRP/USDT,0.19305,0.19722,0.19288,0.19453,54356477.7,10607350.48,42846
1578268800000,2020-01-06 0:00:00,XRP/USDT,0.19453,0.22396,0.19421,0.2231,234157239.2,49710472.36,133718
1578355200000,2020-01-07 0:00:00,XRP/USDT,0.2231,0.2255,0.20702,0.21335,206449580.6,44351703.88,116906
1578441600000,2020-01-08 0:00:00,XRP/USDT,0.21334,0.21836,0.20311,0.2075,148861801.3,31472465.54,94107
1578528000000,2020-01-09 0:00:00,XRP/USDT,0.2075,0.20877,0.20126,0.20373,75492140.5,15431045.59,55921
1578614400000,2020-01-10 0:00:00,XRP/USDT,0.20375,0.21318,0.20023,0.21284,145223181.5,29977092.95,91240
1578700800000,2020-01-11 0:00:00,XRP/USDT,0.21277,0.21994,0.20852,0.21121,119237732.2,25532572.24,85400
1578787200000,2020-01-12 0:00:00,XRP/USDT,0.21121,0.21713,0.20941,0.21539,70711714.4,15123300.64,50714
1578873600000,2020-01-13 0:00:00,XRP/USDT,0.21536,0.2156,0.2096,0.21134,50959156.8,10795581.68,39038
1578960000000,2020-01-14 0:00:00,XRP/USDT,0.21134,0.24526,0.21134,0.23464,301142541.5,68826737.17,170326
1579046400000,2020-01-15 0:00:00,XRP/USDT,0.23455,0.24356,0.2263,0.23367,237606461.8,55956373.1,154497
1579132800000,2020-01-16 0:00:00,XRP/USDT,0.23367,0.23501,0.2223,0.229,140095581.9,31838224.54,97428
1579219200000,2020-01-17 0:00:00,XRP/USDT,0.22899,0.24453,0.22659,0.23921,214368960.7,50576051.72,135743
1579305600000,2020-01-18 0:00:00,XRP/USDT,0.23922,0.25456,0.23183,0.24357,206939203.8,50099945.92,133892
1579392000000,2020-01-19 0:00:00,XRP/USDT,0.24357,0.25175,0.227,0.23558,180887717.9,43172566.93,109703
1579478400000,2020-01-20 0:00:00,XRP/USDT,0.23554,0.23672,0.22415,0.23314,115112776.4,26640859.52,78627
1579564800000,2020-01-21 0:00:00,XRP/USDT,0.23314,0.242,0.23,0.23726,111913129.9,26486822.91,79475
1579651200000,2020-01-22 0:00:00,XRP/USDT,0.23738,0.23996,0.23213,0.23733,84725853.4,20010091.38,63635
1579737600000,2020-01-23 0:00:00,XRP/USDT,0.23733,0.23746,0.22123,0.22586,105762250,24097989.55,74101
1579824000000,2020-01-24 0:00:00,XRP/USDT,0.22584,0.2263,0.21378,0.22222,121855078.5,26926281.58,78122
1579910400000,2020-01-25 0:00:00,XRP/USDT,0.22219,0.22271,0.21662,0.21946,56806347,12470105.17,45999
1579996800000,2020-01-26 0:00:00,XRP/USDT,0.21946,0.23276,0.218,0.23131,79796120,17962846.06,61434
1580083200000,2020-01-27 0:00:00,XRP/USDT,0.23121,0.23393,0.2263,0.23077,102966534.5,23755953.85,68602
1580169600000,2020-01-28 0:00:00,XRP/USDT,0.23078,0.24162,0.23077,0.23906,157599522.5,37078070.27,93181
1580256000000,2020-01-29 0:00:00,XRP/USDT,0.23912,0.24197,0.23425,0.23539,114643264.7,27305581.98,75239
1580342400000,2020-01-30 0:00:00,XRP/USDT,0.23538,0.24669,0.23056,0.24376,162144624,38659074.56,98254
1580428800000,2020-01-31 0:00:00,XRP/USDT,0.24376,0.24486,0.2335,0.23946,122494224.8,29315461.81,84741
1580515200000,2020-02-01 0:00:00,XRP/USDT,0.23947,0.24304,0.23684,0.24141,78963550.6,18983141.14,60554
1580601600000,2020-02-02 0:00:00,XRP/USDT,0.24146,0.26163,0.2355,0.25093,220101966.8,55336019.75,133056
1580688000000,2020-02-03 0:00:00,XRP/USDT,0.25094,0.2595,0.24678,0.25453,168166882.1,42349822.14,100580
1580774400000,2020-02-04 0:00:00,XRP/USDT,0.25447,0.271,0.24752,0.26737,273001224.9,71201308.85,158671
1580860800000,2020-02-05 0:00:00,XRP/USDT,0.26742,0.2824,0.26737,0.27774,309852829.8,85518327.62,198266
1580947200000,2020-02-06 0:00:00,XRP/USDT,0.27782,0.28856,0.26778,0.28325,274932947.3,77128867.82,182535
1581033600000,2020-02-07 0:00:00,XRP/USDT,0.28325,0.28832,0.27766,0.27953,158743853.5,44807968.24,118956
1581120000000,2020-02-08 0:00:00,XRP/USDT,0.27951,0.28223,0.2636,0.27735,164832911.1,45400358.53,115822
1581206400000,2020-02-09 0:00:00,XRP/USDT,0.27731,0.28924,0.27622,0.28257,151863434.1,42852878.73,109462
1581292800000,2020-02-10 0:00:00,XRP/USDT,0.28255,0.28322,0.2673,0.27338,142780388.9,39179667.17,107444
1581379200000,2020-02-11 0:00:00,XRP/USDT,0.27342,0.2835,0.26738,0.281,150202084.8,41421937.64,114635
1581465600000,2020-02-12 0:00:00,XRP/USDT,0.28092,0.309,0.28091,0.30427,358543825.1,105875104.9,216893
1581552000000,2020-02-13 0:00:00,XRP/USDT,0.30427,0.34,0.3,0.32709,684720941.9,221009646.9,441869
1581638400000,2020-02-14 0:00:00,XRP/USDT,0.32718,0.33942,0.3104,0.33594,348251076.6,114034581.3,246897
1581724800000,2020-02-15 0:00:00,XRP/USDT,0.33585,0.34676,0.2955,0.30729,397053085.5,128137062.3,311521
1581811200000,2020-02-16 0:00:00,XRP/USDT,0.30729,0.31892,0.27,0.29224,381819181.7,113239956.9,303317
1581897600000,2020-02-17 0:00:00,XRP/USDT,0.29248,0.29511,0.26821,0.28736,354803561,99269030.97,288706
1581984000000,2020-02-18 0:00:00,XRP/USDT,0.28741,0.30273,0.27474,0.29827,296854594.3,86321655.13,219852
1582070400000,2020-02-19 0:00:00,XRP/USDT,0.29834,0.30777,0.27007,0.27466,219950638.9,64036617.68,170263
1582156800000,2020-02-20 0:00:00,XRP/USDT,0.27466,0.28168,0.26109,0.2709,270623144.6,73579378.38,198567
1582243200000,2020-02-21 0:00:00,XRP/USDT,0.27094,0.27898,0.2678,0.27418,175945123.9,48263687.84,129521
1582329600000,2020-02-22 0:00:00,XRP/USDT,0.27424,0.2785,0.27,0.27468,107040364.2,29292468.96,80382
1582416000000,2020-02-23 0:00:00,XRP/USDT,0.27462,0.28467,0.27462,0.28298,134020545.9,37646258.08,96083
1582502400000,2020-02-24 0:00:00,XRP/USDT,0.28298,0.28425,0.26401,0.2704,184354129.7,50198305.73,125417
1582588800000,2020-02-25 0:00:00,XRP/USDT,0.2703,0.271,0.251,0.25209,209531989.3,54520365.7,133162
1582675200000,2020-02-26 0:00:00,XRP/USDT,0.25218,0.25512,0.22271,0.22915,366105232.9,86964308.84,235825
1582761600000,2020-02-27 0:00:00,XRP/USDT,0.22917,0.24722,0.22363,0.2385,250168249.9,59103715.42,176791
1582848000000,2020-02-28 0:00:00,XRP/USDT,0.23854,0.244,0.2285,0.23663,190843431.7,44944524.96,127842
1582934400000,2020-02-29 0:00:00,XRP/USDT,0.23658,0.24244,0.2287,0.22892,104602134.2,24722678.53,76594
1583020800000,2020-03-01 0:00:00,XRP/USDT,0.22897,0.23607,0.22428,0.22696,125219316.2,28835622.11,83896
1583107200000,2020-03-02 0:00:00,XRP/USDT,0.22699,0.24149,0.22582,0.23958,138299654.6,32516162.67,91338
1583193600000,2020-03-03 0:00:00,XRP/USDT,0.23968,0.2397,0.22942,0.23428,130633902.5,30665218.41,78333
1583280000000,2020-03-04 0:00:00,XRP/USDT,0.23433,0.23839,0.23,0.23453,92570643.5,21670173.52,65830
1583366400000,2020-03-05 0:00:00,XRP/USDT,0.23449,0.2432,0.23449,0.23909,130944711.9,31325344.33,76742
1583452800000,2020-03-06 0:00:00,XRP/USDT,0.23907,0.24629,0.23804,0.24477,116563269.6,28216830.67,71120
1583539200000,2020-03-07 0:00:00,XRP/USDT,0.24475,0.245,0.235,0.23622,95845464.2,23018458.8,60491
1583625600000,2020-03-08 0:00:00,XRP/USDT,0.23624,0.23624,0.2,0.20385,271417418.6,58950052.64,159759
1583712000000,2020-03-09 0:00:00,XRP/USDT,0.20387,0.2115,0.19787,0.20952,288610509.4,59338524.53,179125
1583798400000,2020-03-10 0:00:00,XRP/USDT,0.20946,0.21567,0.19979,0.21185,182259714.8,38376165.66,116198
1583884800000,2020-03-11 0:00:00,XRP/USDT,0.21181,0.2138,0.199,0.20813,178652631.5,36943051.52,116512
1583971200000,2020-03-12 0:00:00,XRP/USDT,0.20824,0.20988,0.12798,0.13549,771225355.4,126862479,362512
1584057600000,2020-03-13 0:00:00,XRP/USDT,0.13536,0.16614,0.10129,0.15872,1234550067,176952697.6,626847
1584144000000,2020-03-14 0:00:00,XRP/USDT,0.15875,0.161,0.14351,0.14588,317354167.4,48507307.94,205290
1584230400000,2020-03-15 0:00:00,XRP/USDT,0.1459,0.16422,0.14449,0.15308,292888161.2,44671418.3,170566
1584316800000,2020-03-16 0:00:00,XRP/USDT,0.15306,0.15338,0.12815,0.14102,534401535.9,74672811.71,302547
1584403200000,2020-03-17 0:00:00,XRP/USDT,0.1411,0.1519,0.13962,0.14694,317550005.4,46647608.11,188433
1584489600000,2020-03-18 0:00:00,XRP/USDT,0.14691,0.14938,0.14001,0.1476,233087384.9,33736394.87,138797
1584576000000,2020-03-19 0:00:00,XRP/USDT,0.14749,0.17257,0.14428,0.1646,357277613.5,56107159.31,188931
1584662400000,2020-03-20 0:00:00,XRP/USDT,0.16458,0.175,0.14504,0.15695,511513197.8,83327848.65,282892
1584748800000,2020-03-21 0:00:00,XRP/USDT,0.15705,0.16196,0.15156,0.15797,270014080,42248980.41,159444
1584835200000,2020-03-22 0:00:00,XRP/USDT,0.15798,0.16178,0.14611,0.14776,221088260.9,34064640.07,136114
1584921600000,2020-03-23 0:00:00,XRP/USDT,0.14774,0.16163,0.14472,0.15854,282036084.3,43440715.28,155600
1585008000000,2020-03-24 0:00:00,XRP/USDT,0.15853,0.16387,0.15689,0.16225,250519379.8,40232050.46,140130
1585094400000,2020-03-25 0:00:00,XRP/USDT,0.16229,0.16524,0.15667,0.16168,200584719.2,32280625.73,111530
1585180800000,2020-03-26 0:00:00,XRP/USDT,0.1617,0.17742,0.15984,0.17593,206023274.9,34206852.5,109558
1585267200000,2020-03-27 0:00:00,XRP/USDT,0.17591,0.18724,0.16936,0.17269,316147728.4,55791468.34,155790
1585353600000,2020-03-28 0:00:00,XRP/USDT,0.17271,0.17984,0.16637,0.17543,308477933.9,52931319.27,158353
1585440000000,2020-03-29 0:00:00,XRP/USDT,0.1754,0.1767,0.16184,0.16278,187119450.1,31770063.66,101525
1585526400000,2020-03-30 0:00:00,XRP/USDT,0.16279,0.17546,0.16242,0.17112,181804091.3,31139110.22,99436
1585612800000,2020-03-31 0:00:00,XRP/USDT,0.17109,0.17789,0.17044,0.17353,158613778.6,27630973.27,78081
1585699200000,2020-04-01 0:00:00,XRP/USDT,0.17359,0.1763,0.16783,0.17494,184017110.9,31705061.13,90526
1585785600000,2020-04-02 0:00:00,XRP/USDT,0.17497,0.1865,0.17384,0.17828,223398206,39831050.61,115503
1585872000000,2020-04-03 0:00:00,XRP/USDT,0.17828,0.18277,0.17568,0.17957,170663444.5,30611897.82,90917
1585958400000,2020-04-04 0:00:00,XRP/USDT,0.17956,0.18365,0.1777,0.18114,117148787.3,21073737.2,66824
1586044800000,2020-04-05 0:00:00,XRP/USDT,0.18114,0.18206,0.17627,0.17925,83641306.3,15006077.31,50886
1586131200000,2020-04-06 0:00:00,XRP/USDT,0.17927,0.19834,0.17917,0.19803,225433233.4,42647674.03,112627
1586217600000,2020-04-07 0:00:00,XRP/USDT,0.198,0.20519,0.18986,0.19285,271460619,53940498.2,134853
1586304000000,2020-04-08 0:00:00,XRP/USDT,0.19283,0.20294,0.19155,0.20192,154841655,30755096.87,86134
1586390400000,2020-04-09 0:00:00,XRP/USDT,0.20192,0.20231,0.1938,0.19829,104421253.8,20760538.16,61829
1586476800000,2020-04-10 0:00:00,XRP/USDT,0.19826,0.19872,0.18119,0.18758,160752187,30441890.61,95030
1586563200000,2020-04-11 0:00:00,XRP/USDT,0.1876,0.19213,0.185,0.1885,100598265.9,18977182.63,63329
1586649600000,2020-04-12 0:00:00,XRP/USDT,0.18848,0.19567,0.18616,0.18939,129786730.4,24900274.48,79193
1586736000000,2020-04-13 0:00:00,XRP/USDT,0.18932,0.18947,0.18011,0.18763,158956441.4,29319579.41,100241
1586822400000,2020-04-14 0:00:00,XRP/USDT,0.18764,0.18931,0.18313,0.18613,93684121.1,17488252.49,60969
1586908800000,2020-04-15 0:00:00,XRP/USDT,0.18605,0.18973,0.18,0.1805,121466630.1,22474988.5,69564
1586995200000,2020-04-16 0:00:00,XRP/USDT,0.1805,0.19399,0.174,0.19053,220290862.9,41065594.1,128158
1587081600000,2020-04-17 0:00:00,XRP/USDT,0.1905,0.19185,0.18618,0.18863,91976842,17382005.14,56871
1587168000000,2020-04-18 0:00:00,XRP/USDT,0.18863,0.19715,0.18838,0.19544,113765553.3,21916048.62,66572
1587254400000,2020-04-19 0:00:00,XRP/USDT,0.19539,0.19638,0.18772,0.18901,89989794.3,17264504.17,56772
1587340800000,2020-04-20 0:00:00,XRP/USDT,0.18892,0.19453,0.17821,0.18151,174028243,32618188.19,99628
1587427200000,2020-04-21 0:00:00,XRP/USDT,0.18147,0.18637,0.18109,0.18341,111773322.9,20526910.21,67984
1587513600000,2020-04-22 0:00:00,XRP/USDT,0.18342,0.18964,0.18202,0.18804,93916879.3,17524430.81,52154
1587600000000,2020-04-23 0:00:00,XRP/USDT,0.18803,0.19951,0.18558,0.1926,179113808.3,34473402.31,96564
1587686400000,2020-04-24 0:00:00,XRP/USDT,0.19261,0.19695,0.19197,0.19325,113830925.1,22146163.86,63836
1587772800000,2020-04-25 0:00:00,XRP/USDT,0.19327,0.19776,0.1916,0.19418,78779257.1,15346321.2,50207
1587859200000,2020-04-26 0:00:00,XRP/USDT,0.19414,0.19775,0.19133,0.19618,93225699.4,18195800.86,59771
1587945600000,2020-04-27 0:00:00,XRP/USDT,0.1962,0.19979,0.19407,0.19747,104536714.3,20557795.8,60143
1588032000000,2020-04-28 0:00:00,XRP/USDT,0.1975,0.21806,0.19459,0.21416,244843302.1,50693359.88,124464
1588118400000,2020-04-29 0:00:00,XRP/USDT,0.21415,0.23075,0.20981,0.22648,292096742.3,64552311.12,169826
1588204800000,2020-04-30 0:00:00,XRP/USDT,0.22644,0.2359,0.20816,0.21135,314088335.1,69473163.65,187611
1588291200000,2020-05-01 0:00:00,XRP/USDT,0.21135,0.22418,0.21117,0.21786,160339801,34920373.57,107238
1588377600000,2020-05-02 0:00:00,XRP/USDT,0.21785,0.22575,0.21534,0.22369,119932182.7,26515783.35,86252
1588464000000,2020-05-03 0:00:00,XRP/USDT,0.22377,0.22667,0.2154,0.21936,111226961.6,24624153.91,81580
1588550400000,2020-05-04 0:00:00,XRP/USDT,0.21936,0.22057,0.20713,0.21776,166756745.3,35767192.5,97018
1588636800000,2020-05-05 0:00:00,XRP/USDT,0.21777,0.22213,0.21316,0.21688,106925948.7,23263009.85,67821
1588723200000,2020-05-06 0:00:00,XRP/USDT,0.21688,0.2224,0.21029,0.21158,131362572.4,28673363.83,80558
1588809600000,2020-05-07 0:00:00,XRP/USDT,0.21172,0.2211,0.20934,0.21862,175859218,38007015.38,97365
1588896000000,2020-05-08 0:00:00,XRP/USDT,0.2186,0.22199,0.21423,0.21865,133922204.4,29250576.99,81160
1588982400000,2020-05-09 0:00:00,XRP/USDT,0.21865,0.225,0.21554,0.21642,159019230.1,35087403.06,87558
1589068800000,2020-05-10 0:00:00,XRP/USDT,0.21642,0.21651,0.178,0.19702,310627388.1,60926889.83,161563
1589155200000,2020-05-11 0:00:00,XRP/USDT,0.19708,0.20031,0.184,0.19254,188926069.2,36506741.96,105182
1589241600000,2020-05-12 0:00:00,XRP/USDT,0.19254,0.2001,0.19128,0.19711,120759033.7,23710733.44,65024
1589328000000,2020-05-13 0:00:00,XRP/USDT,0.1971,0.20429,0.19564,0.20177,95212470.1,19051354.37,56585
1589414400000,2020-05-14 0:00:00,XRP/USDT,0.20176,0.20636,0.19838,0.20386,123608208,25092468.53,68502
1589500800000,2020-05-15 0:00:00,XRP/USDT,0.20379,0.20467,0.19505,0.19818,142260472.9,28517135.98,76552
1589587200000,2020-05-16 0:00:00,XRP/USDT,0.19818,0.2025,0.19664,0.19969,94327453,18846378,60593
1589673600000,2020-05-17 0:00:00,XRP/USDT,0.19969,0.20465,0.19889,0.20131,85924995,17382542.87,48679
1589760000000,2020-05-18 0:00:00,XRP/USDT,0.20132,0.20805,0.2007,0.20543,129797461.7,26571284.08,70413
1589846400000,2020-05-19 0:00:00,XRP/USDT,0.20537,0.20668,0.20087,0.20496,99600289,20308677.74,53211
1589932800000,2020-05-20 0:00:00,XRP/USDT,0.20486,0.20624,0.1975,0.20179,106603358.1,21674783.13,54840
1590019200000,2020-05-21 0:00:00,XRP/USDT,0.20178,0.20305,0.18928,0.19434,119870681.6,23543670.92,63124
1590105600000,2020-05-22 0:00:00,XRP/USDT,0.19434,0.2025,0.19212,0.20034,134747810.6,26830045.19,69868
1590192000000,2020-05-23 0:00:00,XRP/USDT,0.20032,0.20216,0.19793,0.19883,88342183.6,17664632.02,45085
1590278400000,2020-05-24 0:00:00,XRP/USDT,0.19883,0.20122,0.19222,0.19256,88708243.7,17579270.34,49360
1590364800000,2020-05-25 0:00:00,XRP/USDT,0.19263,0.19719,0.18972,0.19622,96947010.8,18809282.04,57350
1590451200000,2020-05-26 0:00:00,XRP/USDT,0.19622,0.19695,0.19139,0.19372,91454592.2,17758963.94,50688
1590537600000,2020-05-27 0:00:00,XRP/USDT,0.19371,0.20048,0.19355,0.19791,99410860.4,19606099.88,50410
1590624000000,2020-05-28 0:00:00,XRP/USDT,0.19792,0.20095,0.19502,0.20052,110627844.2,21835213.64,55143
1590710400000,2020-05-29 0:00:00,XRP/USDT,0.20052,0.20292,0.19622,0.19759,98632638.4,19620435.16,51563
1590796800000,2020-05-30 0:00:00,XRP/USDT,0.19762,0.208,0.19596,0.20701,155426836,31456500.11,72971
1590883200000,2020-05-31 0:00:00,XRP/USDT,0.207,0.21356,0.20026,0.20245,180118253.6,37293044.95,90264
1590969600000,2020-06-01 0:00:00,XRP/USDT,0.20241,0.21268,0.20112,0.211,157851522,32564541.55,80801
1591056000000,2020-06-02 0:00:00,XRP/USDT,0.21093,0.2147,0.1961,0.20301,203819088.3,42200256.17,93266
1591142400000,2020-06-03 0:00:00,XRP/USDT,0.20294,0.20487,0.2008,0.2041,102410983.8,20811724.76,58571
1591228800000,2020-06-04 0:00:00,XRP/USDT,0.20413,0.20724,0.19957,0.20427,126378226.8,25824214.13,66970
1591315200000,2020-06-05 0:00:00,XRP/USDT,0.20432,0.20585,0.20129,0.20274,98700901.5,20105805.91,52444
1591401600000,2020-06-06 0:00:00,XRP/USDT,0.20274,0.20484,0.20125,0.20361,79279154.8,16114585.19,43742
1591488000000,2020-06-07 0:00:00,XRP/USDT,0.2036,0.20496,0.19839,0.20329,93329744.2,18875028.46,48287
1591574400000,2020-06-08 0:00:00,XRP/USDT,0.20327,0.20444,0.20116,0.20403,63036054.2,12767362.01,35188
1591660800000,2020-06-09 0:00:00,XRP/USDT,0.20406,0.20528,0.2,0.20127,81665800.9,16520867.17,45557
1591747200000,2020-06-10 0:00:00,XRP/USDT,0.20135,0.20388,0.1985,0.20266,75706855.2,15280061.41,43309
1591833600000,2020-06-11 0:00:00,XRP/USDT,0.20266,0.2036,0.1846,0.18817,132263967.7,25844804.82,69845
1591920000000,2020-06-12 0:00:00,XRP/USDT,0.18823,0.19505,0.1869,0.19307,75546910.5,14533799.77,44604
1592006400000,2020-06-13 0:00:00,XRP/USDT,0.19308,0.19379,0.19076,0.19234,63292600.9,12170228.26,35405
1592092800000,2020-06-14 0:00:00,XRP/USDT,0.19238,0.19249,0.1887,0.19022,58429094.7,11158945.79,35424
1592179200000,2020-06-15 0:00:00,XRP/USDT,0.19022,0.19344,0.18202,0.19238,130419971.5,24415172.12,64319
1592265600000,2020-06-16 0:00:00,XRP/USDT,0.19238,0.19404,0.19007,0.19238,76442039.8,14666578.93,40275
1592352000000,2020-06-17 0:00:00,XRP/USDT,0.19236,0.19895,0.18846,0.19315,143789678.4,27856615.18,70707
1592438400000,2020-06-18 0:00:00,XRP/USDT,0.19315,0.19325,0.18802,0.18975,83020048.8,15843553.69,43527
1592524800000,2020-06-19 0:00:00,XRP/USDT,0.18975,0.19036,0.18658,0.18722,101395871,19119359.6,50436
1592611200000,2020-06-20 0:00:00,XRP/USDT,0.18724,0.18897,0.18488,0.18792,65244804.2,12232229.51,39486
1592697600000,2020-06-21 0:00:00,XRP/USDT,0.18793,0.18848,0.18565,0.18602,66591992.6,12484413.49,37563
1592784000000,2020-06-22 0:00:00,XRP/USDT,0.18602,0.19051,0.18569,0.18928,121678902.8,22925902.51,52971
1592870400000,2020-06-23 0:00:00,XRP/USDT,0.18933,0.19042,0.18831,0.18889,80442337.3,15203951.75,44293
1592956800000,2020-06-24 0:00:00,XRP/USDT,0.18889,0.19016,0.1799,0.18348,99814387.3,18502915.66,55355
1593043200000,2020-06-25 0:00:00,XRP/USDT,0.18344,0.18414,0.17849,0.18156,83471401.8,15201347.42,47652
1593129600000,2020-06-26 0:00:00,XRP/USDT,0.18156,0.18694,0.17848,0.18249,134171894.1,24516731.37,69995
1593216000000,2020-06-27 0:00:00,XRP/USDT,0.18247,0.1835,0.169,0.17509,100119859.4,17772779.35,60195
1593302400000,2020-06-28 0:00:00,XRP/USDT,0.1751,0.17983,0.17337,0.17693,79916984.6,14183202.99,46215
1593388800000,2020-06-29 0:00:00,XRP/USDT,0.17694,0.17939,0.17487,0.17726,108091794.8,19131133.78,58520
1593475200000,2020-06-30 0:00:00,XRP/USDT,0.17737,0.17775,0.17487,0.17533,63769127,11241515.75,39972
1593561600000,2020-07-01 0:00:00,XRP/USDT,0.17533,0.17814,0.17373,0.17647,96697381.8,17042899.87,51946
1593648000000,2020-07-02 0:00:00,XRP/USDT,0.17645,0.1777,0.172,0.17477,109348977.7,19165320.48,63345
1593734400000,2020-07-03 0:00:00,XRP/USDT,0.17476,0.17865,0.1743,0.1762,93559429.8,16520877.86,60782
1593820800000,2020-07-04 0:00:00,XRP/USDT,0.17618,0.17964,0.17593,0.17808,101070772.2,17979199.31,59563
1593907200000,2020-07-05 0:00:00,XRP/USDT,0.1781,0.1788,0.17372,0.17695,109028272.5,19241614.02,55659
1593993600000,2020-07-06 0:00:00,XRP/USDT,0.17691,0.18934,0.17644,0.18875,180480180.6,33204449.9,92229
1594080000000,2020-07-07 0:00:00,XRP/USDT,0.18876,0.18969,0.18312,0.18508,119136986.1,22136652.8,69944
1594166400000,2020-07-08 0:00:00,XRP/USDT,0.18508,0.20669,0.18382,0.20551,340558574.1,67681685.84,169765
1594252800000,2020-07-09 0:00:00,XRP/USDT,0.20544,0.21186,0.19667,0.20263,366287583.8,74431591.15,172726
1594339200000,2020-07-10 0:00:00,XRP/USDT,0.20263,0.20272,0.19252,0.19909,212898090.1,42071935.19,119526
1594425600000,2020-07-11 0:00:00,XRP/USDT,0.19906,0.20482,0.19792,0.2011,171252017.6,34447407.9,97942
1594512000000,2020-07-12 0:00:00,XRP/USDT,0.20112,0.20401,0.19758,0.20128,123496702.1,24769203.87,77831
1594598400000,2020-07-13 0:00:00,XRP/USDT,0.20122,0.2066,0.191,0.19867,210692216.4,42306094.04,114516
1594684800000,2020-07-14 0:00:00,XRP/USDT,0.19866,0.19978,0.195,0.19909,126120726.2,24969935.01,76499
1594771200000,2020-07-15 0:00:00,XRP/USDT,0.19908,0.1999,0.19635,0.19721,97567941.8,19325266.67,60968
1594857600000,2020-07-16 0:00:00,XRP/USDT,0.19722,0.19756,0.18822,0.19444,154403446.1,29776964.66,85208
1594944000000,2020-07-17 0:00:00,XRP/USDT,0.19447,0.19824,0.19125,0.1944,119390267.7,23222588.35,68750
1595030400000,2020-07-18 0:00:00,XRP/USDT,0.19441,0.20203,0.19392,0.1999,125668578.9,24883703.34,70943
1595116800000,2020-07-19 0:00:00,XRP/USDT,0.19989,0.20205,0.19574,0.19956,117946275.3,23382843.51,64336
1595203200000,2020-07-20 0:00:00,XRP/USDT,0.19961,0.20019,0.19194,0.19465,114187102,22476358.42,61544
1595289600000,2020-07-21 0:00:00,XRP/USDT,0.19465,0.201,0.19386,0.19949,116436628.1,23094933.04,63843
1595376000000,2020-07-22 0:00:00,XRP/USDT,0.19946,0.20441,0.196,0.20348,127274412.3,25445742.45,67772
1595462400000,2020-07-23 0:00:00,XRP/USDT,0.20351,0.21584,0.20142,0.20851,231892970.4,47793197.43,106526
1595548800000,2020-07-24 0:00:00,XRP/USDT,0.20847,0.20855,0.20189,0.20392,162043579.9,33175901.36,76974
1595635200000,2020-07-25 0:00:00,XRP/USDT,0.20393,0.21756,0.2035,0.21463,237958032.7,50101789.94,113462
1595721600000,2020-07-26 0:00:00,XRP/USDT,0.21462,0.22499,0.21255,0.21532,277074358,60582099.79,134839
1595808000000,2020-07-27 0:00:00,XRP/USDT,0.21528,0.23,0.20861,0.22437,358365289.2,78837943.67,174780
1595894400000,2020-07-28 0:00:00,XRP/USDT,0.22445,0.23476,0.217,0.23029,348097855.6,78508822.19,170224
1595980800000,2020-07-29 0:00:00,XRP/USDT,0.23031,0.25,0.22919,0.24327,423604274.8,101932061,206067
1596067200000,2020-07-30 0:00:00,XRP/USDT,0.24323,0.24954,0.233,0.24408,339560922.2,82500395.92,173380
1596153600000,2020-07-31 0:00:00,XRP/USDT,0.24407,0.26042,0.24158,0.25939,295712939.1,73781607.94,162247
1596240000000,2020-08-01 0:00:00,XRP/USDT,0.25938,0.29739,0.25557,0.29089,698526256.7,192372370.2,328933
1596326400000,2020-08-02 0:00:00,XRP/USDT,0.29089,0.32628,0.2476,0.28803,1089709099,319783013.6,531939
1596412800000,2020-08-03 0:00:00,XRP/USDT,0.28809,0.31999,0.28357,0.31016,661998402.4,202645747.2,338360
1596499200000,2020-08-04 0:00:00,XRP/USDT,0.31008,0.31926,0.29038,0.30138,523509311,159903257.9,273494
1596585600000,2020-08-05 0:00:00,XRP/USDT,0.30137,0.30813,0.2908,0.30228,377922454.8,113786682.7,206522
1596672000000,2020-08-06 0:00:00,XRP/USDT,0.30233,0.31126,0.29722,0.30311,315511639.9,95740810.48,183667
1596758400000,2020-08-07 0:00:00,XRP/USDT,0.30309,0.31037,0.27936,0.29437,350058017.3,104613031.2,209518
1596844800000,2020-08-08 0:00:00,XRP/USDT,0.29444,0.2987,0.2898,0.29527,180632239.2,53160920.89,116743
1596931200000,2020-08-09 0:00:00,XRP/USDT,0.29532,0.29839,0.28215,0.2879,194741043.2,56426495.73,121899
1597017600000,2020-08-10 0:00:00,XRP/USDT,0.28792,0.30008,0.28301,0.29469,357730182,105174273.4,171078
1597104000000,2020-08-11 0:00:00,XRP/USDT,0.29468,0.30736,0.26727,0.2831,454328410,132691665.3,235129
1597190400000,2020-08-12 0:00:00,XRP/USDT,0.28308,0.28737,0.27139,0.28233,301659248.8,84822358.72,158764
1597276800000,2020-08-13 0:00:00,XRP/USDT,0.28233,0.29561,0.27243,0.2942,343559052.2,96909703.27,188780
1597363200000,2020-08-14 0:00:00,XRP/USDT,0.2942,0.3073,0.28918,0.29995,419013955.8,124939231.6,213849
1597449600000,2020-08-15 0:00:00,XRP/USDT,0.29995,0.30537,0.2907,0.29884,323612283.2,96907524.07,175498
1597536000000,2020-08-16 0:00:00,XRP/USDT,0.2989,0.3048,0.29186,0.30455,272817352.5,81578876.76,162605
1597622400000,2020-08-17 0:00:00,XRP/USDT,0.3046,0.32689,0.29702,0.31539,598471473.5,187018369.3,297217
1597708800000,2020-08-18 0:00:00,XRP/USDT,0.31535,0.32156,0.29614,0.30251,406775389.7,125998018.7,219296
1597795200000,2020-08-19 0:00:00,XRP/USDT,0.3025,0.30616,0.27809,0.28975,390658603.2,113932105.8,216352
1597881600000,2020-08-20 0:00:00,XRP/USDT,0.28969,0.29465,0.28431,0.29218,217335773,63110464.11,120521
1597968000000,2020-08-21 0:00:00,XRP/USDT,0.29217,0.29585,0.27671,0.27933,295142831.1,84779306.02,154460
1598054400000,2020-08-22 0:00:00,XRP/USDT,0.27935,0.28663,0.2733,0.28592,200686126.8,56060954,109815
1598140800000,2020-08-23 0:00:00,XRP/USDT,0.28589,0.28808,0.27698,0.2848,147758018.4,41797800.64,80520
1598227200000,2020-08-24 0:00:00,XRP/USDT,0.2848,0.292,0.28224,0.2884,163849857.2,47142715.93,92702
1598313600000,2020-08-25 0:00:00,XRP/USDT,0.2884,0.28959,0.27,0.27625,234190707.5,65341936.08,138205
1598400000000,2020-08-26 0:00:00,XRP/USDT,0.27628,0.28078,0.2739,0.27653,153029000.5,42419994.1,92286
1598486400000,2020-08-27 0:00:00,XRP/USDT,0.27645,0.27833,0.25453,0.26469,271350415.9,72352751.67,125529
1598572800000,2020-08-28 0:00:00,XRP/USDT,0.26478,0.2732,0.26,0.27174,161315866.7,43178213.04,77151
1598659200000,2020-08-29 0:00:00,XRP/USDT,0.27166,0.27685,0.26865,0.2738,120917456.4,33040428.37,64610
1598745600000,2020-08-30 0:00:00,XRP/USDT,0.27375,0.28389,0.27375,0.28302,157541548,43985400.05,82437
1598832000000,2020-08-31 0:00:00,XRP/USDT,0.28302,0.2845,0.27804,0.28115,164541572.9,46334854.98,87673
1598918400000,2020-09-01 0:00:00,XRP/USDT,0.28115,0.29884,0.27574,0.29521,292160051.6,85019226.05,161826
1599004800000,2020-09-02 0:00:00,XRP/USDT,0.29515,0.304,0.2622,0.27595,367857288.9,104193607.5,196976
1599091200000,2020-09-03 0:00:00,XRP/USDT,0.27594,0.2765,0.238,0.24409,375303316.2,98000534.92,179191
1599177600000,2020-09-04 0:00:00,XRP/USDT,0.24404,0.26582,0.24012,0.25385,347276927.6,87432536.78,169671
1599264000000,2020-09-05 0:00:00,XRP/USDT,0.25385,0.25951,0.231,0.23738,343014820.3,83561833.05,162265
1599350400000,2020-09-06 0:00:00,XRP/USDT,0.23737,0.24358,0.22937,0.23986,245971020.2,58474242.64,120160
1599436800000,2020-09-07 0:00:00,XRP/USDT,0.23987,0.24292,0.22962,0.24198,217149074.3,51478872.45,103411
1599523200000,2020-09-08 0:00:00,XRP/USDT,0.24202,0.24365,0.2312,0.23657,185386436.1,43907960.32,92056
1599609600000,2020-09-09 0:00:00,XRP/USDT,0.23658,0.24278,0.23303,0.23901,120931648.7,28868110.37,64645
1599696000000,2020-09-10 0:00:00,XRP/USDT,0.239,0.24871,0.23878,0.24302,150794017.7,36881926,68510
1599782400000,2020-09-11 0:00:00,XRP/USDT,0.24302,0.2444,0.23683,0.24252,102995486.8,24851112.71,49778
1599868800000,2020-09-12 0:00:00,XRP/USDT,0.24252,0.24879,0.24019,0.24752,90026751.2,21958265.41,46745
1599955200000,2020-09-13 0:00:00,XRP/USDT,0.24749,0.2535,0.23757,0.24218,134508183.7,32977928.09,72773
1600041600000,2020-09-14 0:00:00,XRP/USDT,0.24214,0.2484,0.23901,0.24564,128679809.9,31519192.26,64976
1600128000000,2020-09-15 0:00:00,XRP/USDT,0.24562,0.2494,0.24225,0.24331,123397806.3,30328603.08,63512
1600214400000,2020-09-16 0:00:00,XRP/USDT,0.24331,0.25117,0.2341,0.24686,155437121.5,37716252.84,76921
1600300800000,2020-09-17 0:00:00,XRP/USDT,0.24682,0.2586,0.24601,0.25214,195903905.1,49350788.13,96692
1600387200000,2020-09-18 0:00:00,XRP/USDT,0.25208,0.25522,0.2463,0.25065,123918267.6,31139489.42,66003
1600473600000,2020-09-19 0:00:00,XRP/USDT,0.25065,0.25497,0.24733,0.25112,94380999.1,23685321.04,51311
1600560000000,2020-09-20 0:00:00,XRP/USDT,0.25112,0.25125,0.2423,0.24652,100830684.4,24906611.32,53886
1600646400000,2020-09-21 0:00:00,XRP/USDT,0.24657,0.24809,0.22915,0.23102,232559544.3,55501544.15,106251
1600732800000,2020-09-22 0:00:00,XRP/USDT,0.23104,0.23459,0.22916,0.23302,113084575.2,26224389.79,52422
1600819200000,2020-09-23 0:00:00,XRP/USDT,0.23301,0.2352,0.22017,0.22164,148246113.4,34012112.73,66307
1600905600000,2020-09-24 0:00:00,XRP/USDT,0.22164,0.23401,0.21944,0.23276,173682650.7,39352163.15,78138
1600992000000,2020-09-25 0:00:00,XRP/USDT,0.23277,0.24477,0.2295,0.24154,146717481.1,34780905.37,89555
1601078400000,2020-09-26 0:00:00,XRP/USDT,0.24154,0.24568,0.23764,0.24153,113365429.6,27432232.22,56585
1601164800000,2020-09-27 0:00:00,XRP/USDT,0.24147,0.24474,0.23729,0.24334,91772023.9,22146900.09,46122
1601251200000,2020-09-28 0:00:00,XRP/USDT,0.24329,0.24851,0.23979,0.24107,121590934.4,29741294.96,57603
1601337600000,2020-09-29 0:00:00,XRP/USDT,0.2411,0.24662,0.2383,0.24285,109204653.3,26469745.14,54577
1601424000000,2020-09-30 0:00:00,XRP/USDT,0.24286,0.24289,0.2375,0.24171,101266167.8,24347238.79,46695
1601510400000,2020-10-01 0:00:00,XRP/USDT,0.24172,0.24452,0.23372,0.23819,127335773.7,30495397.26,59412
1601596800000,2020-10-02 0:00:00,XRP/USDT,0.23813,0.23937,0.22829,0.23386,146884020.3,34176222.85,67598
1601683200000,2020-10-03 0:00:00,XRP/USDT,0.23387,0.23499,0.23254,0.23273,59902666.5,13997096.95,31364
1601769600000,2020-10-04 0:00:00,XRP/USDT,0.23274,0.25024,0.23159,0.24794,157014929.5,37951261.27,70298
1601856000000,2020-10-05 0:00:00,XRP/USDT,0.24794,0.25442,0.24628,0.2503,228844024.4,57235368.6,103132
1601942400000,2020-10-06 0:00:00,XRP/USDT,0.25034,0.25932,0.24021,0.24545,378003616.4,94929219.47,152296
1602028800000,2020-10-07 0:00:00,XRP/USDT,0.24549,0.25141,0.24077,0.2487,177097434.2,43649107.3,73422
1602115200000,2020-10-08 0:00:00,XRP/USDT,0.24871,0.25297,0.24206,0.25141,197900153.1,49015452.56,83606
1602201600000,2020-10-09 0:00:00,XRP/USDT,0.25141,0.25665,0.24935,0.25293,192476557.6,48500548.31,86539
1602288000000,2020-10-10 0:00:00,XRP/USDT,0.25293,0.26071,0.25265,0.25402,165954957.2,42523830.3,74502
1602374400000,2020-10-11 0:00:00,XRP/USDT,0.25401,0.25842,0.25321,0.25544,129208149.4,33068068.22,58167
1602460800000,2020-10-12 0:00:00,XRP/USDT,0.25545,0.25826,0.24732,0.25603,225658413.6,57452750.35,92070
1602547200000,2020-10-13 0:00:00,XRP/USDT,0.25602,0.25997,0.25267,0.2565,232496747.4,59570256.08,95384
1602633600000,2020-10-14 0:00:00,XRP/USDT,0.25658,0.2584,0.24593,0.24906,200090976.7,50509873.51,92215
1602720000000,2020-10-15 0:00:00,XRP/USDT,0.24906,0.25014,0.24287,0.24596,157801611,38896100.05,73706
1602806400000,2020-10-16 0:00:00,XRP/USDT,0.24584,0.24787,0.2375,0.24011,149640393,36128367.83,64397
1602892800000,2020-10-17 0:00:00,XRP/USDT,0.24014,0.24329,0.23853,0.24057,76204228.7,18367534.83,35044
1602979200000,2020-10-18 0:00:00,XRP/USDT,0.24059,0.24362,0.24005,0.24221,59622713.2,14427329.7,29248
1603065600000,2020-10-19 0:00:00,XRP/USDT,0.2422,0.24945,0.24011,0.24558,144261234.7,35439791.43,67118
1603152000000,2020-10-20 0:00:00,XRP/USDT,0.24557,0.25039,0.2411,0.24322,142586108.2,34925003.95,72984
1603238400000,2020-10-21 0:00:00,XRP/USDT,0.24324,0.25555,0.24249,0.25088,213403919.3,53312284.35,103004
1603324800000,2020-10-22 0:00:00,XRP/USDT,0.2508,0.26357,0.25077,0.25709,262479836.1,67897774.18,128007
1603411200000,2020-10-23 0:00:00,XRP/USDT,0.25703,0.25921,0.25005,0.25471,145732428.5,37255585.13,68054
1603497600000,2020-10-24 0:00:00,XRP/USDT,0.25472,0.25763,0.25253,0.2562,71861131.8,18346177.89,38535
1603584000000,2020-10-25 0:00:00,XRP/USDT,0.2562,0.25714,0.25105,0.25313,70096933.8,17779246.31,37225
1603670400000,2020-10-26 0:00:00,XRP/USDT,0.25313,0.2591,0.24341,0.2481,153008505.9,38536423.23,73736
1603756800000,2020-10-27 0:00:00,XRP/USDT,0.24811,0.25398,0.24743,0.25273,125197460.4,31443502.82,57598
1603843200000,2020-10-28 0:00:00,XRP/USDT,0.25273,0.25666,0.2444,0.2454,152758067.2,38044417.44,78343
1603929600000,2020-10-29 0:00:00,XRP/USDT,0.2454,0.24702,0.2396,0.24239,127858202.6,31205978.46,61900
1604016000000,2020-10-30 0:00:00,XRP/USDT,0.24232,0.24402,0.23057,0.23905,133423159.8,31703289.82,71272
1604102400000,2020-10-31 0:00:00,XRP/USDT,0.23906,0.24351,0.23743,0.23968,84576060.9,20324011.51,45714
1604188800000,2020-11-01 0:00:00,XRP/USDT,0.2396,0.24138,0.23648,0.23999,64775047.6,15489254.78,35711
1604275200000,2020-11-02 0:00:00,XRP/USDT,0.23999,0.2452,0.23264,0.23523,130300920.1,30969679.63,63023
1604361600000,2020-11-03 0:00:00,XRP/USDT,0.23526,0.24425,0.22772,0.2396,213624345.8,50432667.45,97518
1604448000000,2020-11-04 0:00:00,XRP/USDT,0.2396,0.24045,0.23213,0.23758,175258053.1,41444809.32,81832
1604534400000,2020-11-05 0:00:00,XRP/USDT,0.23759,0.24743,0.23712,0.24561,220616913.3,53398705.88,106711
1604620800000,2020-11-06 0:00:00,XRP/USDT,0.24569,0.2614,0.24508,0.25863,289253502.7,73660073.77,145458
1604707200000,2020-11-07 0:00:00,XRP/USDT,0.2586,0.26733,0.24419,0.2491,263707018,67744770.6,142250
1604793600000,2020-11-08 0:00:00,XRP/USDT,0.24913,0.25701,0.24724,0.25374,119757768.6,30293017.54,67626
1604880000000,2020-11-09 0:00:00,XRP/USDT,0.25368,0.2562,0.24557,0.25059,161129039,40400329.7,92547
1604966400000,2020-11-10 0:00:00,XRP/USDT,0.25058,0.265,0.24806,0.2538,250018160.4,64042649.83,133493
1605052800000,2020-11-11 0:00:00,XRP/USDT,0.25379,0.26,0.25209,0.25581,155421758.6,39896988.27,86596
1605139200000,2020-11-12 0:00:00,XRP/USDT,0.25581,0.25818,0.2525,0.2549,139776053.7,35653157.51,82041
1605225600000,2020-11-13 0:00:00,XRP/USDT,0.2549,0.2659,0.2535,0.2659,193021203.1,50106120.78,106397
1605312000000,2020-11-14 0:00:00,XRP/USDT,0.26587,0.2777,0.26128,0.26824,319194414.6,85844084.31,175611
1605398400000,2020-11-15 0:00:00,XRP/USDT,0.26829,0.27677,0.26405,0.26954,224828544.8,61029873.41,127430
1605484800000,2020-11-16 0:00:00,XRP/USDT,0.26957,0.28998,0.26737,0.28813,321242912.3,89951174.77,165326
1605571200000,2020-11-17 0:00:00,XRP/USDT,0.28814,0.305,0.28722,0.30247,529073040.7,158066984.8,263442
1605657600000,2020-11-18 0:00:00,XRP/USDT,0.30247,0.30818,0.28055,0.29335,488657752.7,143882252,253075
1605744000000,2020-11-19 0:00:00,XRP/USDT,0.29333,0.30659,0.284,0.30358,361076482.2,107051451.9,196616
1605830400000,2020-11-20 0:00:00,XRP/USDT,0.30356,0.33091,0.29679,0.32991,484828433.3,151151000.1,248431
1605916800000,2020-11-21 0:00:00,XRP/USDT,0.32993,0.4695,0.32929,0.46283,1667089858,665185391.4,919964
1606003200000,2020-11-22 0:00:00,XRP/USDT,0.46283,0.49659,0.40155,0.44611,1873986910,840784018,1109860
1606089600000,2020-11-23 0:00:00,XRP/USDT,0.44592,0.61984,0.43232,0.61579,1851054400,962347929.3,1136923
1606176000000,2020-11-24 0:00:00,XRP/USDT,0.61562,0.78068,0.56777,0.694,2884741162,1926961549,2022797
1606262400000,2020-11-25 0:00:00,XRP/USDT,0.69399,0.725,0.58405,0.63022,1690578550,1118433083,1208568
1606348800000,2020-11-26 0:00:00,XRP/USDT,0.63024,0.652,0.456,0.53654,2334291327,1245423133,1396355
1606435200000,2020-11-27 0:00:00,XRP/USDT,0.53649,0.58669,0.50345,0.5623,1241200700,673153678.1,876007
1606521600000,2020-11-28 0:00:00,XRP/USDT,0.5625,0.64888,0.5387,0.62579,1276241319,765827539,840281
1606608000000,2020-11-29 0:00:00,XRP/USDT,0.62573,0.637,0.58285,0.60543,857628664.8,524064378.1,664082
1606694400000,2020-11-30 0:00:00,XRP/USDT,0.60543,0.6791,0.59881,0.66417,1178919882,753345635.3,752946
1606780800000,2020-12-01 0:00:00,XRP/USDT,0.66378,0.681,0.56401,0.61088,1075049125,686847842.1,737330
1606867200000,2020-12-02 0:00:00,XRP/USDT,0.6113,0.6368,0.59455,0.62972,593876086.8,365585853.3,406660
1606953600000,2020-12-03 0:00:00,XRP/USDT,0.62969,0.6418,0.6149,0.63046,392655662.9,246271840.1,265747
1607040000000,2020-12-04 0:00:00,XRP/USDT,0.63046,0.6342,0.54253,0.55367,662141348,389782264.9,473967
1607126400000,2020-12-05 0:00:00,XRP/USDT,0.55355,0.55776,0.5523,0.55365,3238438.7,1797905.274,1866