Unix Timestamp,Date,Symbol,Open,High,Low,Close,Volume ETH,Volume USDT
1502928000,2017-08-17,ETHUSDT,303.61,312.18,298.21,302,6155.32,1890017.53
1503014400,2017-08-18,ETHUSDT,302,311.79,283.94,293.96,9392.79,2815460.24
1503100800,2017-08-19,ETHUSDT,293.96,299.9,278,290.91,2140.08,618248.58
1503187200,2017-08-20,ETHUSDT,290.91,300.53,282.85,299.1,2469.49,730800.66
1503273600,2017-08-21,ETHUSDT,299.1,346.52,294.6,323.29,5134.54,1661944.36
1503360000,2017-08-22,ETHUSDT,323.29,330.41,144.21,309.8,7807.91,2408767.25
1503446400,2017-08-23,ETHUSDT,309.8,324.99,309.41,315.74,8532.37,2711275.03
1503532800,2017-08-24,ETHUSDT,315.74,328.04,314.01,323.42,6608.08,2113017.42
1503619200,2017-08-25,ETHUSDT,323.42,338.28,323.42,327.24,7026.71,2321556.04
1503705600,2017-08-26,ETHUSDT,327.24,335.44,323.41,330.79,4821.82,1583578.33
1503792000,2017-08-27,ETHUSDT,330.79,348.13,330.73,348.13,4580.62,1536125.51
1503878400,2017-08-28,ETHUSDT,348.13,351,331.95,346,4230.19,1447042.11
1503964800,2017-08-29,ETHUSDT,346,377.6,346,374.7,2900.75,1054485.89
1504051200,2017-08-30,ETHUSDT,374.7,393.71,362.05,385.93,4331.81,1636125.32
1504137600,2017-08-31,ETHUSDT,385.93,389.36,377.78,384.79,4375.31,1681160.72
1504224000,2017-09-01,ETHUSDT,384.79,394.39,383.18,388.46,4156.84,1618914.43
1504310400,2017-09-02,ETHUSDT,388.46,394.32,320.08,343.14,7919.71,2791543.78
1504396800,2017-09-03,ETHUSDT,343.14,367.28,320.08,341.77,5012.55,1718948.68
1504483200,2017-09-04,ETHUSDT,341.77,344.55,267.94,283.77,6366.69,1893325.25
1504569600,2017-09-05,ETHUSDT,283.77,321.52,235.55,312.09,7840.86,2253410.75
1504656000,2017-09-06,ETHUSDT,312.09,336.34,312.09,335,5243.66,1714528.14
1504742400,2017-09-07,ETHUSDT,335,342.5,320.17,334.49,2977.82,985179.06
1504828800,2017-09-08,ETHUSDT,334.49,335.1,272,302.99,4874.53,1481290.06
1504915200,2017-09-09,ETHUSDT,302.99,307,281.66,296.74,2713.25,805572.88
1505001600,2017-09-10,ETHUSDT,296.74,302.78,261.03,293.5,4060.25,1155244.93
1505088000,2017-09-11,ETHUSDT,293.5,304.98,285.21,297.3,4779.63,1421764.78
1505174400,2017-09-12,ETHUSDT,297.3,316.46,286.01,293.96,5140.78,1562612.65
1505260800,2017-09-13,ETHUSDT,293.96,294.5,257.05,276.91,6341.5,1730175.07
1505347200,2017-09-14,ETHUSDT,276.91,283.77,215,215.21,12488.22,3082667.27
1505433600,2017-09-15,ETHUSDT,215.21,270.93,192,253,14101.49,3291332.29
1505520000,2017-09-16,ETHUSDT,253,271.81,235.51,249.31,10265.41,2621693.27
1505606400,2017-09-17,ETHUSDT,249.31,264.39,239.02,257.55,4589.96,1143692.64
1505692800,2017-09-18,ETHUSDT,257.55,306.22,257.11,294.57,4121.19,1181549.67
1505779200,2017-09-19,ETHUSDT,294.57,300,277.41,284,1858.5,532540.71
1505865600,2017-09-20,ETHUSDT,284,294,275.91,282,1054.54,301038.78
1505952000,2017-09-21,ETHUSDT,282,287,252.1,257,1909.37,515321.69
1506038400,2017-09-22,ETHUSDT,257,272.97,253.01,264,1463.53,382707.68
1506124800,2017-09-23,ETHUSDT,264,286.23,255.11,285.93,2821.68,788085.05
1506211200,2017-09-24,ETHUSDT,285.93,294.61,275,282,5544.62,1574147.48
1506297600,2017-09-25,ETHUSDT,282,299,281.34,294.42,5861.15,1702847.03
1506384000,2017-09-26,ETHUSDT,294.42,296.81,286.24,287.9,4527.17,1320510.93
1506470400,2017-09-27,ETHUSDT,287.9,313,286.13,309.74,5467.39,1626645.28
1506556800,2017-09-28,ETHUSDT,309.74,311.81,296.89,302.44,6521.08,1984843.83
1506643200,2017-09-29,ETHUSDT,302.44,303,274,292.22,10997.93,3187358.83
1506729600,2017-09-30,ETHUSDT,292.22,307.49,292.22,304.36,3997.83,1207595.88
1506816000,2017-10-01,ETHUSDT,304.36,306,294,303.95,5034.38,1511264.71
1506902400,2017-10-02,ETHUSDT,303.95,305,295,296.5,3670.04,1104217.48
1506988800,2017-10-03,ETHUSDT,296.5,301.99,283.18,292.48,5518.95,1614235.08
1507075200,2017-10-04,ETHUSDT,292.48,297.97,288,291.99,3989.57,1168807.66
1507161600,2017-10-05,ETHUSDT,291.99,297.44,285.53,294.81,3370.96,982644.49
1507248000,2017-10-06,ETHUSDT,294.81,310.8,293.78,310.8,3510.89,1054697
1507334400,2017-10-07,ETHUSDT,310.8,318.5,303.6,311.01,2120.52,658190.78
1507420800,2017-10-08,ETHUSDT,311.01,317.07,309,311.07,2952.08,921220.96
1507507200,2017-10-09,ETHUSDT,311.07,312.13,286.65,297.19,4852.92,1452816.74
1507593600,2017-10-10,ETHUSDT,297.19,308.56,293,298.64,6691.84,2011440.17
1507680000,2017-10-11,ETHUSDT,298.64,305.5,298.02,304.01,3715.65,1122578.04
1507766400,2017-10-12,ETHUSDT,304.01,310,302.71,303.99,7775.58,2381102.13
1507852800,2017-10-13,ETHUSDT,303.99,353.96,297,337.96,17766.25,5782386.5
1507939200,2017-10-14,ETHUSDT,337.96,349.8,335,342,7698,2644022.46
1508025600,2017-10-15,ETHUSDT,342,348,316.17,337.96,9964.35,3311218.81
1508112000,2017-10-16,ETHUSDT,337.96,354,332.78,335.19,8634.15,2946408.58
1508198400,2017-10-17,ETHUSDT,335.19,336.58,312.65,315.19,8092.4,2620614.96
1508284800,2017-10-18,ETHUSDT,315.19,318,284.68,309.7,12779.33,3877210.96
1508371200,2017-10-19,ETHUSDT,309.7,315,300,308.66,8637.51,2662555.18
1508457600,2017-10-20,ETHUSDT,308.66,311.18,302,304.51,8696.57,2654276.53
1508544000,2017-10-21,ETHUSDT,304.51,305.34,290,298.94,8498.8,2531002.63
1508630400,2017-10-22,ETHUSDT,298.94,306.99,290,293.79,7149.29,2113555.82
1508716800,2017-10-23,ETHUSDT,293.79,294.6,272.2,281.09,9580.48,2720877.48
1508803200,2017-10-24,ETHUSDT,281.09,310,275.5,297.38,13991.58,4230858.49
1508889600,2017-10-25,ETHUSDT,297.38,300,281,294.49,9624.76,2818151.89
1508976000,2017-10-26,ETHUSDT,294.49,299.76,291.03,294.71,7760.28,2290879.1
1509062400,2017-10-27,ETHUSDT,294.71,298.1,292.03,296.33,6230.29,1840292.6
1509148800,2017-10-28,ETHUSDT,296.33,297,290.1,291.87,5833.59,1711301.74
1509235200,2017-10-29,ETHUSDT,291.87,309.4,291.86,305,8975.34,2702954.94
1509321600,2017-10-30,ETHUSDT,305,316,302.1,307.25,8863.26,2725859.28
1509408000,2017-10-31,ETHUSDT,307.25,309.99,304.01,304.9,7631.45,2344790.92
1509494400,2017-11-01,ETHUSDT,304.9,305.9,286.34,287.01,9807.45,2938149.94
1509580800,2017-11-02,ETHUSDT,287.01,293,274.73,283.12,13163.53,3736468.51
1509667200,2017-11-03,ETHUSDT,283.12,307,282,304.08,8057.59,2360525.71
1509753600,2017-11-04,ETHUSDT,304.08,304.99,292.11,298.04,7765.91,2315342.78
1509840000,2017-11-05,ETHUSDT,298.04,302.14,293.13,295.53,6614.04,1967164.34
1509926400,2017-11-06,ETHUSDT,295.53,305.58,290.11,297.97,7466.26,2218959.5
1510012800,2017-11-07,ETHUSDT,297.97,303.52,287,291.78,9302.34,2731426.72
1510099200,2017-11-08,ETHUSDT,291.78,320,290.02,303.02,15603.8,4729826.12
1510185600,2017-11-09,ETHUSDT,303.02,329,299.5,317.87,11093.28,3509086.96
1510272000,2017-11-10,ETHUSDT,317.87,322.65,285.82,293.5,15463.01,4721270.61
1510358400,2017-11-11,ETHUSDT,293.5,318,291.91,310.02,10764.3,3256927.49
1510444800,2017-11-12,ETHUSDT,310.02,316.99,281.01,305.24,20889.35,6276531.03
1510531200,2017-11-13,ETHUSDT,305.24,318.88,303.7,312.99,15399.84,4804508.58
1510617600,2017-11-14,ETHUSDT,312.99,337.54,312.94,335.61,17479.57,5682689.3
1510704000,2017-11-15,ETHUSDT,335.61,339,324,331.33,15409.67,5116263.34
1510790400,2017-11-16,ETHUSDT,331.33,334.75,321.41,331.49,14065.86,4612016.7
1510876800,2017-11-17,ETHUSDT,331.49,334.6,323.84,331.23,18033.21,5951281.48
1510963200,2017-11-18,ETHUSDT,331.23,349.9,326.01,346.66,14227.06,4735608.57
1511049600,2017-11-19,ETHUSDT,346.66,373.56,343.07,354.15,19280.47,6853939.68
1511136000,2017-11-20,ETHUSDT,354.15,372.5,353.9,367.42,18060.1,6522412.41
1511222400,2017-11-21,ETHUSDT,367.42,375.5,350.02,362.12,25815.42,9403802.37
1511308800,2017-11-22,ETHUSDT,362.12,384.84,359,380.65,17927.22,6582637.83
1511395200,2017-11-23,ETHUSDT,380.65,425,370.02,405,25137.24,9979407.1
1511481600,2017-11-24,ETHUSDT,405,475,392.8,469,29973.4,12904066.22
1511568000,2017-11-25,ETHUSDT,469,484.47,450,461.82,21143.58,9825209.52
1511654400,2017-11-26,ETHUSDT,461.82,465,436.14,462.84,21559.21,9794537.68
1511740800,2017-11-27,ETHUSDT,462.84,486.94,453,472.31,23533.56,11092308.97
1511827200,2017-11-28,ETHUSDT,472.31,477.5,453.5,466.17,23650.24,11077396.79
1511913600,2017-11-29,ETHUSDT,466.17,515,385,421.7,50344.11,23217199.77
1512000000,2017-11-30,ETHUSDT,421.7,460,387.01,427.43,44559.85,18862295.63
1512086400,2017-12-01,ETHUSDT,427.43,465.97,413.74,457.51,32723.55,14317733.79
1512172800,2017-12-02,ETHUSDT,457.51,471.91,445,457.63,25506.76,11749838.63
1512259200,2017-12-03,ETHUSDT,457.63,485.9,440.11,460.3,24259.95,11328969.12
1512345600,2017-12-04,ETHUSDT,460.3,470.98,445,466.67,22821.77,10495993.46
1512432000,2017-12-05,ETHUSDT,466.67,468.67,445.21,452.26,25124.57,11542893.64
1512518400,2017-12-06,ETHUSDT,452.26,455.1,400,411.01,37604.29,16319473.42
1512604800,2017-12-07,ETHUSDT,411.01,427.61,375.01,406.33,40363.47,16448315.18
1512691200,2017-12-08,ETHUSDT,406.33,456.78,390,442.56,40380.88,17138384.6
1512777600,2017-12-09,ETHUSDT,442.56,488,426.4,460,41096.91,18959683.2
1512864000,2017-12-10,ETHUSDT,460,460.05,403.2,427.35,34191.63,14810733.68
1512950400,2017-12-11,ETHUSDT,427.35,512,427.35,508.7,29217.01,13524545.46
1513036800,2017-12-12,ETHUSDT,508.7,639.27,494.89,620,57688.7,32272500.99
1513123200,2017-12-13,ETHUSDT,620,705.69,539.93,683.99,56293.24,35464491.73
1513209600,2017-12-14,ETHUSDT,683.99,747.6,630.5,679.76,57181.08,39405168.61
1513296000,2017-12-15,ETHUSDT,679.76,689,594.6,674.95,38846.45,25295708.27
1513382400,2017-12-16,ETHUSDT,674.95,712,669.22,682.81,26513.5,18224734.51
1513468800,2017-12-17,ETHUSDT,682.81,728,680.33,707.64,31020.47,21975505.95
1513555200,2017-12-18,ETHUSDT,707.64,798.88,638,784,44690.73,32105763.14
1513641600,2017-12-19,ETHUSDT,784,864.9,729.01,798,67327.99,53475967.61
1513728000,2017-12-20,ETHUSDT,798,828,661,790.21,70407.61,54006970.96
1513814400,2017-12-21,ETHUSDT,790.21,845.99,705.98,782.41,76879.84,61007022.19
1513900800,2017-12-22,ETHUSDT,782.41,796,504.99,635.97,148327.91,94707577.97
1513987200,2017-12-23,ETHUSDT,635.97,714.99,627.97,640.34,77123.34,52466807.27
1514073600,2017-12-24,ETHUSDT,640.34,667.64,563.49,658,91878.07,56909950.3
1514160000,2017-12-25,ETHUSDT,658,744,599.99,714.95,76640.68,53771369.82
1514246400,2017-12-26,ETHUSDT,714.95,750,712.56,750,58994.02,43435558.84
1514332800,2017-12-27,ETHUSDT,750,766.05,693.18,739.89,50029.76,37141405.75
1514419200,2017-12-28,ETHUSDT,739.89,744.93,645.88,707.89,69919.07,48142909.65
1514505600,2017-12-29,ETHUSDT,707.89,757.87,703,733.99,62685.47,45858797.58
1514592000,2017-12-30,ETHUSDT,733.99,735,635.82,681.06,86679.73,59556778.37
1514678400,2017-12-31,ETHUSDT,681.06,740,672.86,733.98,60993.95,43413512.09
1514764800,2018-01-01,ETHUSDT,733.98,763.55,716.8,754.99,52623.45,39094845.4
1514851200,2018-01-02,ETHUSDT,754.99,899.5,749.06,855.28,105772.59,89382507.77
1514937600,2018-01-03,ETHUSDT,855.28,950.01,810,934.03,86097.23,75597834.8
1515024000,2018-01-04,ETHUSDT,934.03,1009.72,890.01,940,98575.25,93660923.79
1515110400,2018-01-05,ETHUSDT,940,1045,930,959.3,90332.39,88788325.55
1515196800,2018-01-06,ETHUSDT,959.3,1017.56,950,1004.11,61859.61,61221474.21
1515283200,2018-01-07,ETHUSDT,1004.11,1125,999.9,1123.09,51351.2,55150954.2
1515369600,2018-01-08,ETHUSDT,1123.09,1230,910,1133.18,133895.83,148176962.3
1515456000,2018-01-09,ETHUSDT,1133.18,1326.5,1104.85,1291,109543.92,132277275.6
1515542400,2018-01-10,ETHUSDT,1291,1440,1201.1,1247,145699,191726103
1515628800,2018-01-11,ETHUSDT,1247,1332.49,1021,1138.93,179485.3,212965490.2
1515715200,2018-01-12,ETHUSDT,1138.93,1288.5,1069.01,1253.87,89727.83,108511725.7
1515801600,2018-01-13,ETHUSDT,1253.87,1427.01,1252,1388.02,72881.09,97762045.54
1515888000,2018-01-14,ETHUSDT,1388.02,1391.89,1220.89,1347,93415.13,122071071.1
1515974400,2018-01-15,ETHUSDT,1347,1383.13,1246.97,1271,64011.36,83909901.65
1516060800,2018-01-16,ETHUSDT,1271,1275.01,780,1000,316527.29,327898468.8
1516147200,2018-01-17,ETHUSDT,1000,1075.51,755,1000,404095,368608932.4
1516233600,2018-01-18,ETHUSDT,1000,1075.2,924.21,993.5,275211.13,277520506.1
1516320000,2018-01-19,ETHUSDT,994,1079,941,1032.5,158688.31,161826692.3
1516406400,2018-01-20,ETHUSDT,1032.5,1165.4,1031,1152.75,117645.3,130966013.2
1516492800,2018-01-21,ETHUSDT,1152.75,1152.75,998,1049,165742.91,176503082.1
1516579200,2018-01-22,ETHUSDT,1049,1090.15,908,993,173620.02,173782012.6
1516665600,2018-01-23,ETHUSDT,993,1030,909,983,150569.88,146717976.5
1516752000,2018-01-24,ETHUSDT,980,1074,953.09,1062.99,127575.3,129030138
1516838400,2018-01-25,ETHUSDT,1061,1115,1030.26,1056.52,114053.92,122114344.4
1516924800,2018-01-26,ETHUSDT,1056.52,1082,986,1051.03,136270.12,141101465.3
1517011200,2018-01-27,ETHUSDT,1051.03,1127.99,1032.2,1118.99,91869.53,99597860.33
1517097600,2018-01-28,ETHUSDT,1118.99,1277,1112,1251.96,134896.79,162828197.6
1517184000,2018-01-29,ETHUSDT,1251.96,1258.89,1161.65,1177.01,99670.92,119535240.8
1517270400,2018-01-30,ETHUSDT,1177.01,1186.85,1051,1084.63,143403.47,160657360.8
1517356800,2018-01-31,ETHUSDT,1084.63,1135,1029,1124.81,94495.48,102851161.1
1517443200,2018-02-01,ETHUSDT,1124.81,1164.99,981,1041.94,186336.86,202441248.5
1517529600,2018-02-02,ETHUSDT,1041.94,1047.2,783.67,922.3,339857.47,313535789.8
1517616000,2018-02-03,ETHUSDT,922.3,998,851,971,146928.16,137903656.1
1517702400,2018-02-04,ETHUSDT,971,975,789,823.56,170888.35,149936806
1517788800,2018-02-05,ETHUSDT,823.56,862.47,634.94,697.92,325075.2,241142436.8
1517875200,2018-02-06,ETHUSDT,697.92,798,570.1,779.25,567444.58,380619535.9
1517961600,2018-02-07,ETHUSDT,779.25,849,714.18,754,318788.73,252480997.4
1518048000,2018-02-08,ETHUSDT,754,786.93,751,781.66,9429.96,7276300.78
1518134400,2018-02-09,ETHUSDT,781.66,882.2,781.66,877,87141.63,74223395.67
1518220800,2018-02-10,ETHUSDT,877,911.2,800,851.15,193089.68,166324421
1518307200,2018-02-11,ETHUSDT,851.15,857,768.28,808.99,171386.31,140006876.6
1518393600,2018-02-12,ETHUSDT,808.99,877.56,807.46,866.66,132117.85,112822612.1
1518480000,2018-02-13,ETHUSDT,866.66,871,820,841.4,102995.01,86801166.48
1518566400,2018-02-14,ETHUSDT,841.4,924.99,841.3,919.09,140545.71,124791624
1518652800,2018-02-15,ETHUSDT,919.09,946.66,895.59,924.55,145459.35,134427671.2
1518739200,2018-02-16,ETHUSDT,924.55,948.48,901.36,938.67,108720.75,100956190.8
1518825600,2018-02-17,ETHUSDT,938.67,974,933.48,969.99,104519.07,100292304.4
1518912000,2018-02-18,ETHUSDT,969.99,978.5,897,911,150178.43,140225130.1
1518998400,2018-02-19,ETHUSDT,911,956.22,906.04,938.11,71863.14,67426983.79
1519084800,2018-02-20,ETHUSDT,938.11,961,873,882.99,113053.3,104804110
1519171200,2018-02-21,ETHUSDT,882.99,908.88,812.87,835.89,164018.91,141262522.3
1519257600,2018-02-22,ETHUSDT,835.89,871.96,786.6,801.49,128674.89,105664717.8
1519344000,2018-02-23,ETHUSDT,801.49,885,785.99,851.6,145194.88,122301820.7
1519430400,2018-02-24,ETHUSDT,851.6,875,805,833.94,84819.05,71306283.74
1519516800,2018-02-25,ETHUSDT,833.94,849.5,813.18,841.19,56594.41,47156061.11
1519603200,2018-02-26,ETHUSDT,841.19,882,833,867.98,70682.77,60859666.85
1519689600,2018-02-27,ETHUSDT,867.98,897.49,860.69,870.11,60228.85,52930532.61
1519776000,2018-02-28,ETHUSDT,870.11,891,850.3,853.5,51248.52,44675897.21
1519862400,2018-03-01,ETHUSDT,853.5,879.96,848.65,870.63,42172.95,36575350.9
1519948800,2018-03-02,ETHUSDT,870.63,876.22,850,856.28,37948.61,32782664.11
1520035200,2018-03-03,ETHUSDT,856.28,870.78,852.3,856.02,32899.29,28390448.35
1520121600,2018-03-04,ETHUSDT,856.02,868,836.24,866.66,28782.8,24553484.01
1520208000,2018-03-05,ETHUSDT,866.66,871.75,847.2,849.84,29145.12,25160375.7
1520294400,2018-03-06,ETHUSDT,849.84,853.18,803.01,813.11,46802.01,38804130.33
1520380800,2018-03-07,ETHUSDT,813.11,826.2,718.4,749.9,101101.71,77081962.39
1520467200,2018-03-08,ETHUSDT,749.9,772.07,684,695.46,72789.87,53189427.6
1520553600,2018-03-09,ETHUSDT,695.46,727.92,640,723.71,110704.51,75291999.14
1520640000,2018-03-10,ETHUSDT,723.71,745,673.06,680.58,60258.14,43360133.2
1520726400,2018-03-11,ETHUSDT,680.58,735,659.15,720.85,71001.69,49691562.17
1520812800,2018-03-12,ETHUSDT,720.85,740.5,676.31,697.11,65005.99,46111871.1
1520899200,2018-03-13,ETHUSDT,697.11,713.76,680,689.94,53849.49,37347086.08
1520985600,2018-03-14,ETHUSDT,689.94,703.54,585,610.1,85637.55,55075628.04
1521072000,2018-03-15,ETHUSDT,610.1,621.12,570,608.83,88668.05,53037760.2
1521158400,2018-03-16,ETHUSDT,608.83,625.3,584.15,599.05,61279.15,37263594.46
1521244800,2018-03-17,ETHUSDT,599.05,609.26,544,546.95,64409.64,37089456.21
1521331200,2018-03-18,ETHUSDT,546.95,560,450,537,232165.8,116778269.2
1521417600,2018-03-19,ETHUSDT,537,560,515.8,556.88,173466.72,93695420.38
1521504000,2018-03-20,ETHUSDT,556.88,567.87,515,557,128812.24,70096423.48
1521590400,2018-03-21,ETHUSDT,557,590.52,545.11,559.17,110522.13,62884549.5
1521676800,2018-03-22,ETHUSDT,559.17,578.6,516,539.92,105194.22,57248208.15
1521763200,2018-03-23,ETHUSDT,539.92,544.72,506.71,543.03,100862.87,52642128.72
1521849600,2018-03-24,ETHUSDT,543.03,545.99,518.63,520.22,83676.18,44804260.59
1521936000,2018-03-25,ETHUSDT,520.22,536,512,523.74,68868.97,35900225.67
1522022400,2018-03-26,ETHUSDT,523.74,527.67,465.56,485,142093.89,69712044.13
1522108800,2018-03-27,ETHUSDT,485,491.55,446,448.5,129260.5,59691515.72
1522195200,2018-03-28,ETHUSDT,448.5,466,440.14,446.67,85981.94,38783605.18
1522281600,2018-03-29,ETHUSDT,446.67,449.43,380,384,210483.33,85701259.21
1522368000,2018-03-30,ETHUSDT,384,412.04,366,392.43,271085.46,104188039.9
1522454400,2018-03-31,ETHUSDT,392.43,419.4,388.52,393.92,157994.5,63506988.84
1522540800,2018-04-01,ETHUSDT,393.92,399.91,356.9,378.58,142606.4,53658555.12
1522627200,2018-04-02,ETHUSDT,378.58,394.87,375,385.05,108567.89,41795986.65
1522713600,2018-04-03,ETHUSDT,385.05,419.08,380.13,415.01,131366.81,52761548.65
1522800000,2018-04-04,ETHUSDT,415.01,416.5,370,378.16,133220.93,51740941.12
1522886400,2018-04-05,ETHUSDT,378.16,387.03,365.61,381.49,114090.03,43067361.02
1522972800,2018-04-06,ETHUSDT,381.22,385.91,362.54,368.89,70871.89,26314051.42
1523059200,2018-04-07,ETHUSDT,368.89,394.75,368.28,384.51,68502.63,26305383.91
1523145600,2018-04-08,ETHUSDT,384.51,404.05,384,400.4,54972.86,21760006.56
1523232000,2018-04-09,ETHUSDT,400.4,431.99,387.1,399.44,143529.45,58309298.51
1523318400,2018-04-10,ETHUSDT,399.44,418.68,391.4,416.07,78400.56,31599458.7
1523404800,2018-04-11,ETHUSDT,416.07,433.54,410.38,429.52,83545.58,35045081.63
1523491200,2018-04-12,ETHUSDT,429.52,499,412.88,495.67,227397.38,103693154.3
1523577600,2018-04-13,ETHUSDT,495.67,530,480.22,495.11,233080.63,117822733.7
1523664000,2018-04-14,ETHUSDT,495.11,515,485.58,502.68,115224.31,57693833.76
1523750400,2018-04-15,ETHUSDT,502.68,535,502.51,533.88,103447.85,53757352.09
1523836800,2018-04-16,ETHUSDT,533.88,538,497.31,511.46,121758.93,62263489.02
1523923200,2018-04-17,ETHUSDT,511.46,521.2,500.02,502.56,91345.46,46621342.91
1524009600,2018-04-18,ETHUSDT,502.56,526.99,501.12,526.09,69627.83,35854959.25
1524096000,2018-04-19,ETHUSDT,526.09,571.61,521.03,568.14,105920.66,57614568.13
1524182400,2018-04-20,ETHUSDT,568.14,622.17,556.5,617.09,151443.6,88771286.72
1524268800,2018-04-21,ETHUSDT,617.09,624.5,570.23,604.87,148997.79,89456095.01
1524355200,2018-04-22,ETHUSDT,604.87,643.49,589,620.92,114016.37,70985230.85
1524441600,2018-04-23,ETHUSDT,620.92,649.11,618.02,645.09,73822.68,47140562.92
1524528000,2018-04-24,ETHUSDT,645.09,712.99,643.76,702,161771.53,111525220.3
1524614400,2018-04-25,ETHUSDT,701.58,703.3,593.83,618,314108.87,201024895.4
1524700800,2018-04-26,ETHUSDT,618,666.19,600,661.51,146066.94,91999999.03
1524787200,2018-04-27,ETHUSDT,661.51,686.82,635.73,643.46,127276.2,84625368.58
1524873600,2018-04-28,ETHUSDT,643.46,694.9,638.76,682.86,107111.53,72526362.51
1524960000,2018-04-29,ETHUSDT,682.86,700.49,665.28,690.85,104748.91,71643474.65
1525046400,2018-04-30,ETHUSDT,690.85,695.3,662.2,670.78,106336.25,72455625.6
1525132800,2018-05-01,ETHUSDT,670.78,675.6,627.58,672,124870.15,81681576.39
1525219200,2018-05-02,ETHUSDT,672,691.99,663,688.56,82343.99,55938994.27
1525305600,2018-05-03,ETHUSDT,688.56,792.08,685.39,779,215475.84,159642922.7
1525392000,2018-05-04,ETHUSDT,779,810,756.91,785.99,168280.97,132169523.9
1525478400,2018-05-05,ETHUSDT,785.99,832.66,781.56,819.5,122674.64,99749325.43
1525564800,2018-05-06,ETHUSDT,819.5,839.99,752.49,794.3,158062.93,125220579.9
1525651200,2018-05-07,ETHUSDT,794.3,799.14,701,752.49,266210.63,196793915.9
1525737600,2018-05-08,ETHUSDT,752.49,777,720.02,748.99,127845.33,95724447.12
1525824000,2018-05-09,ETHUSDT,748.99,760.74,710.26,751.75,106805.33,78866024.19
1525910400,2018-05-10,ETHUSDT,751.75,769.88,720,722.52,97160.25,73023987.91
1525996800,2018-05-11,ETHUSDT,722.52,737.23,663,676.96,201184.06,139438479.6
1526083200,2018-05-12,ETHUSDT,676.96,690.2,633.2,684.11,155751.47,103761611.9
1526169600,2018-05-13,ETHUSDT,684.11,742,666.31,729.08,128796.68,91387355.8
1526256000,2018-05-14,ETHUSDT,729.08,743.9,686,727.49,171645.63,122929323.9
1526342400,2018-05-15,ETHUSDT,727.49,740,695,704.91,121482.18,87757448.09
1526428800,2018-05-16,ETHUSDT,704.91,712.84,673.52,706.29,112418.66,77826381.86
1526515200,2018-05-17,ETHUSDT,706.29,719.25,662,667.62,101439.63,70667842.14
1526601600,2018-05-18,ETHUSDT,667.62,694.9,656,692.6,101439.61,68676921.1
1526688000,2018-05-19,ETHUSDT,692.6,717.8,682.31,697,85243.82,59521609.8
1526774400,2018-05-20,ETHUSDT,697,729.88,688.4,716.16,83230.92,59251212.17
1526860800,2018-05-21,ETHUSDT,716.16,720.46,688,696.7,93026.5,65642505.72
1526947200,2018-05-22,ETHUSDT,696.7,699.6,637.32,640.99,102302.12,68915158.87
1527033600,2018-05-23,ETHUSDT,640.99,669,560,577.19,241626.72,146298692.5
1527120000,2018-05-24,ETHUSDT,577.19,612.1,550,602.18,183645.77,107213333.5
1527206400,2018-05-25,ETHUSDT,602.18,617.46,568.7,585.55,112703.11,66931297.04
1527292800,2018-05-26,ETHUSDT,585.55,607.62,578.32,586,74518.1,44338124.66
1527379200,2018-05-27,ETHUSDT,586,592,557.43,570.4,93973.04,53942814.73
1527465600,2018-05-28,ETHUSDT,570.4,576.2,506.11,511.5,145335.45,77756155.35
1527552000,2018-05-29,ETHUSDT,511.5,573.43,510,567.36,174705.88,95234193.38
1527638400,2018-05-30,ETHUSDT,567.36,585.83,541.2,557.19,115568.3,65009719.17
1527724800,2018-05-31,ETHUSDT,557.19,586.73,552.98,577.81,95631.99,54746003.2
1527811200,2018-06-01,ETHUSDT,577.81,590.26,564.93,579,80236.85,46259354.33
1527897600,2018-06-02,ETHUSDT,579,599.17,572.9,590.85,77182.46,45533798.26
1527984000,2018-06-03,ETHUSDT,590.85,628.81,590.1,619.66,79899.19,49063834.32
1528070400,2018-06-04,ETHUSDT,619.66,625.47,580.15,591.02,92148.23,55281954.82
1528156800,2018-06-05,ETHUSDT,591.02,614,570.36,609.05,78386.06,46564987.57
1528243200,2018-06-06,ETHUSDT,609.05,613.35,593.4,607.4,67105.39,40564908.52
1528329600,2018-06-07,ETHUSDT,607.4,618,598.24,605.16,57740.68,35143058.19
1528416000,2018-06-08,ETHUSDT,605.16,608.45,593.33,598.68,47763.74,28692007.96
1528502400,2018-06-09,ETHUSDT,598.68,608.97,591,592.87,37491.04,22574863.3
1528588800,2018-06-10,ETHUSDT,592.87,592.87,501.13,524.11,173600.22,94604507.68
1528675200,2018-06-11,ETHUSDT,524.11,535.51,508.66,531.69,138580.56,72675158.6
1528761600,2018-06-12,ETHUSDT,531.69,538.88,482,493,148896.6,76584062.01
1528848000,2018-06-13,ETHUSDT,493,501.97,449.06,475.47,171269.35,81424583.84
1528934400,2018-06-14,ETHUSDT,475.47,529,460,519.29,190520.56,94588147.6
1529020800,2018-06-15,ETHUSDT,519.29,521,481.62,487.48,152526.01,76152677.62
1529107200,2018-06-16,ETHUSDT,487.48,503.28,483.72,496.74,126705.77,62753776.04
1529193600,2018-06-17,ETHUSDT,496.74,507.6,492.7,497.14,114624.08,57396472.85
1529280000,2018-06-18,ETHUSDT,497.14,524.48,487.27,517.95,139155.24,70042309.24
1529366400,2018-06-19,ETHUSDT,517.95,548.2,510.01,537.97,140281.46,74234386.58
1529452800,2018-06-20,ETHUSDT,537.97,542.02,515.08,536.49,118453.55,62421682.96
1529539200,2018-06-21,ETHUSDT,536.49,544.98,521.11,526.18,74973.85,39990096.68
1529625600,2018-06-22,ETHUSDT,526.18,526.44,450,462.09,197954.6,95276041.01
1529712000,2018-06-23,ETHUSDT,462.09,481,455,473.41,89694.27,42080128.13
1529798400,2018-06-24,ETHUSDT,473.41,475.81,419.53,454.41,183249.96,81740837.18
1529884800,2018-06-25,ETHUSDT,454.41,474.47,444.37,458.7,115344.55,52940027.83
1529971200,2018-06-26,ETHUSDT,458.7,460.81,429,429.34,78811.51,35003285.83
1530057600,2018-06-27,ETHUSDT,429.34,445.95,420.19,441.64,95279.5,41267874.08
1530144000,2018-06-28,ETHUSDT,441.64,443.96,416.45,420.22,106348.8,45989816.17
1530230400,2018-06-29,ETHUSDT,420.22,442,404.48,434.77,151430.36,63187501.55
1530316800,2018-06-30,ETHUSDT,434.77,463.15,434.51,454.09,149737,67398832.58
1530403200,2018-07-01,ETHUSDT,454.09,457.77,443.73,452.1,107648.62,48558472.34
1530489600,2018-07-02,ETHUSDT,452.1,481.83,444.16,476.25,174076.41,80454449.26
1530576000,2018-07-03,ETHUSDT,476.25,486.98,457,461.82,176879.23,83372582.21
1530662400,2018-07-04,ETHUSDT,461.82,482.7,458.02,467.38,96935.77,45707431.58
1530748800,2018-07-05,ETHUSDT,467.38,480,458.8,467.87,119202.64,56015110.21
1530835200,2018-07-06,ETHUSDT,467.87,476,451.29,470.47,93703.86,43516991.99
1530921600,2018-07-07,ETHUSDT,470.47,487.99,461.5,485.57,78648.28,36955554.3
1531008000,2018-07-08,ETHUSDT,485.57,495.98,482.05,486.77,140941.14,68687657.02
1531094400,2018-07-09,ETHUSDT,486.77,488.98,468.2,471.71,84994.63,40781081.15
1531180800,2018-07-10,ETHUSDT,471.71,473.23,427.69,432.48,161016.35,72091164.76
1531267200,2018-07-11,ETHUSDT,432.48,452.69,424.2,444.99,152858.52,66880914.56
1531353600,2018-07-12,ETHUSDT,444.99,445.36,416.94,431.14,175208.98,75756501.39
1531440000,2018-07-13,ETHUSDT,431.14,442.47,424.62,432.46,146174.22,63666585.68
1531526400,2018-07-14,ETHUSDT,432.46,440,428.26,433.19,119610.89,51882920.77
1531612800,2018-07-15,ETHUSDT,433.19,455,430.52,449.78,137909.86,61134602.34
1531699200,2018-07-16,ETHUSDT,449.78,480.57,444.03,478.49,167146.33,77922314.6
1531785600,2018-07-17,ETHUSDT,478.49,512,465.29,498.76,205355.06,99423318.94
1531872000,2018-07-18,ETHUSDT,498.76,515.47,468.01,479.41,226290.27,111807292.5
1531958400,2018-07-19,ETHUSDT,479.41,484.15,462.57,468.57,165811.41,78550384.1
1532044800,2018-07-20,ETHUSDT,468.57,471.02,440,449.04,153865.74,70670272.92
1532131200,2018-07-21,ETHUSDT,449.04,468.97,441.18,460.23,71235.09,32662042.36
1532217600,2018-07-22,ETHUSDT,460.23,472.2,454.19,457.47,58046.27,26907113.09
1532304000,2018-07-23,ETHUSDT,457.47,469.82,447.11,450.05,102507.74,47189848.54
1532390400,2018-07-24,ETHUSDT,450.05,484.27,448.47,479.28,149998.17,70365257.52
1532476800,2018-07-25,ETHUSDT,479.28,485.77,464,472.1,165923.57,78709507.83
1532563200,2018-07-26,ETHUSDT,472.1,485,460,462.64,169961.6,80918323.23
1532649600,2018-07-27,ETHUSDT,462.64,474,455.84,470.09,193071.95,89802675.43
1532736000,2018-07-28,ETHUSDT,470.09,472,460.82,469.29,154670.31,72287461.49
1532822400,2018-07-29,ETHUSDT,469.29,472,461.6,466.4,136882.31,63757757.21
1532908800,2018-07-30,ETHUSDT,466.4,469.79,446.1,456.23,174027.9,79879271.52
1532995200,2018-07-31,ETHUSDT,456.23,457.3,427,432.22,208032.15,91394284.93
1533081600,2018-08-01,ETHUSDT,432.22,434.99,406.55,420.2,202720.34,85200975.51
1533168000,2018-08-02,ETHUSDT,420.2,424.73,407.43,410.62,161495.74,66993215.84
1533254400,2018-08-03,ETHUSDT,410.62,420.01,396.61,417.52,195409.26,80094700.42
1533340800,2018-08-04,ETHUSDT,417.52,419.53,401.86,407.21,175730.38,72254215.44
1533427200,2018-08-05,ETHUSDT,407.21,413.24,400.16,408.79,156049.41,63430516.25
1533513600,2018-08-06,ETHUSDT,408.79,413.28,399.77,405.28,159077.77,64767937.95
1533600000,2018-08-07,ETHUSDT,405.28,412.76,369.19,378.21,199912.67,80006454.72
1533686400,2018-08-08,ETHUSDT,378.21,380.42,347.25,355.48,261818.75,95586276.19
1533772800,2018-08-09,ETHUSDT,355.48,369.9,350.51,363.3,238037.21,85883655.28
1533859200,2018-08-10,ETHUSDT,363.3,365.87,325.95,331.81,254821.76,89891545.51
1533945600,2018-08-11,ETHUSDT,331.81,332.98,306.36,308.65,154163.74,49126793.16
1534032000,2018-08-12,ETHUSDT,308.65,308.65,308.65,308.65,0,0
1534118400,2018-08-13,ETHUSDT,317.89,321.99,280.68,283.81,292633.55,89644898.31
1534204800,2018-08-14,ETHUSDT,283.81,283.81,250,278.41,456778.25,120275950.8
1534291200,2018-08-15,ETHUSDT,278.41,304.45,276.3,281.12,415659.13,119431248.2
1534377600,2018-08-16,ETHUSDT,281.12,298.6,277.55,287.17,227935.8,65610035.69
1534464000,2018-08-17,ETHUSDT,287.17,318,285,317.51,331656.85,99759112.9
1534550400,2018-08-18,ETHUSDT,317.51,321.33,281.79,294.11,369542.51,111243619.6
1534636800,2018-08-19,ETHUSDT,294.11,307.4,288.2,299.42,280974.27,83422061.46
1534723200,2018-08-20,ETHUSDT,299.42,304.04,269.5,270.51,209521.99,60525293.51
1534809600,2018-08-21,ETHUSDT,270.51,285.9,269.7,281.21,218925.38,60780860.94
1534896000,2018-08-22,ETHUSDT,281.21,298.89,259.5,270.8,380193.31,106751365.6
1534982400,2018-08-23,ETHUSDT,270.8,280.3,267.55,275.99,270689.7,74010793.25
1535068800,2018-08-24,ETHUSDT,275.99,283.1,270.22,281.19,265949.76,73398534.5
1535155200,2018-08-25,ETHUSDT,281.19,282.71,275.99,277.55,250108.67,69818726.74
1535241600,2018-08-26,ETHUSDT,277.55,277.91,268.69,274.29,228054.4,62325873.51
1535328000,2018-08-27,ETHUSDT,274.29,288.15,271.59,287.71,274974.02,76177626.13
1535414400,2018-08-28,ETHUSDT,287.71,298,282.66,295.44,310448.26,89617814.38
1535500800,2018-08-29,ETHUSDT,295.44,297,283.55,288.4,315449.7,91949406.6
1535587200,2018-08-30,ETHUSDT,288.4,291,271.88,283.89,326622.75,91836800.39
1535673600,2018-08-31,ETHUSDT,283.89,289,276.59,281.41,295189.14,82867511.33
1535760000,2018-09-01,ETHUSDT,281.41,302,281.34,295.71,284085.67,82957203.76
1535846400,2018-09-02,ETHUSDT,295.71,299.33,288.87,295.41,147208.34,43346740.99
1535932800,2018-09-03,ETHUSDT,295.41,296.62,285.99,289.09,268798.95,77911680.38
1536019200,2018-09-04,ETHUSDT,289.09,292.64,283,285.3,321777.84,92530460.14
1536105600,2018-09-05,ETHUSDT,285.3,287.62,227,228.53,492772.52,127624585.2
1536192000,2018-09-06,ETHUSDT,228.53,233.19,212,229.7,524304.75,118423809.5
1536278400,2018-09-07,ETHUSDT,229.7,234.69,213.5,215.22,382602.31,85175275.66
1536364800,2018-09-08,ETHUSDT,215.22,220.2,190.01,196.71,299224.7,61382183.23
1536451200,2018-09-09,ETHUSDT,196.71,208.6,185.02,195.81,403671.56,79801821.08
1536537600,2018-09-10,ETHUSDT,195.81,203.42,187.1,197.15,401805.8,78694914.15
1536624000,2018-09-11,ETHUSDT,197.15,200.2,176.16,185.18,456493.89,86131069.59
1536710400,2018-09-12,ETHUSDT,185.18,185.22,167.32,183.12,478662.45,83931614.23
1536796800,2018-09-13,ETHUSDT,183.12,215,183.12,210.68,697923.17,138973034.7
1536883200,2018-09-14,ETHUSDT,210.68,224.2,202.6,208.82,782999.44,166780835.3
1536969600,2018-09-15,ETHUSDT,208.82,227.42,207.64,221.29,414372.7,90735598.32
1537056000,2018-09-16,ETHUSDT,221.29,223.5,208.1,220.17,404926.48,87932496.06
1537142400,2018-09-17,ETHUSDT,220.17,225,192.4,196.16,771469.36,161909769.1
1537228800,2018-09-18,ETHUSDT,196.16,215.47,193.47,208.17,555115.59,112764734.5
1537315200,2018-09-19,ETHUSDT,208.17,214.84,197.58,209.79,458824.68,95398316.41
1537401600,2018-09-20,ETHUSDT,209.79,226.68,205.56,224,537211.72,113914706.3
1537488000,2018-09-21,ETHUSDT,224,252.11,220.66,247.73,787214.96,182607782
1537574400,2018-09-22,ETHUSDT,247.73,255.13,232.7,241.01,402535.27,97372330.88
1537660800,2018-09-23,ETHUSDT,241.01,249.73,237,244.5,223990.55,54360826.06
1537747200,2018-09-24,ETHUSDT,244.5,246.2,225.3,228.06,328703.5,77507760.34
1537833600,2018-09-25,ETHUSDT,228.06,228.1,203.61,219.62,675494.76,144475121.9
1537920000,2018-09-26,ETHUSDT,219.62,223.6,207.5,214.42,591959.81,127483700.1
1538006400,2018-09-27,ETHUSDT,214.42,234,205.01,229.13,548645.94,120704728.2
1538092800,2018-09-28,ETHUSDT,229.13,234.42,215.53,221.84,592337.68,133764869.7
1538179200,2018-09-29,ETHUSDT,221.84,237.77,214.18,231.62,573152.85,130169197.9
1538265600,2018-09-30,ETHUSDT,231.62,239,226.5,232.94,414889.97,96748059.35
1538352000,2018-10-01,ETHUSDT,232.94,235.88,224.46,231.61,307991.88,70942014.05
1538438400,2018-10-02,ETHUSDT,231.61,232.51,223.37,225.69,393201.71,89857825.8
1538524800,2018-10-03,ETHUSDT,225.69,226.43,216.51,220.77,264093.31,58245669.11
1538611200,2018-10-04,ETHUSDT,220.77,227.16,219.49,222.66,151074.79,33885146.78
1538697600,2018-10-05,ETHUSDT,222.66,231.75,219.35,228.37,131902.26,29587633.78
1538784000,2018-10-06,ETHUSDT,228.37,228.86,223.15,225.4,97002.16,21920037.76
1538870400,2018-10-07,ETHUSDT,225.4,227.75,221.48,226.14,71433.33,16034555.14
1538956800,2018-10-08,ETHUSDT,226.14,232.7,224.21,230.01,203767.93,46362935.91
1539043200,2018-10-09,ETHUSDT,230.01,231.02,226.56,228.4,95854.17,21928625.81
1539129600,2018-10-10,ETHUSDT,228.4,228.78,224.05,226.74,119128.26,26954045.2
1539216000,2018-10-11,ETHUSDT,226.74,226.91,189.01,191.58,461196.58,93760176.48
1539302400,2018-10-12,ETHUSDT,191.58,201.87,190.04,196.96,207122.02,40792467.42
1539388800,2018-10-13,ETHUSDT,196.96,202.78,196.27,201.3,101534.96,20358230.51
1539475200,2018-10-14,ETHUSDT,201.3,203.56,194.33,197.01,103556.5,20789448.93
1539561600,2018-10-15,ETHUSDT,197.01,239,194.6,214.45,874047.69,190043960.1
1539648000,2018-10-16,ETHUSDT,214.45,214.45,211.88,211.88,0,0
1539734400,2018-10-17,ETHUSDT,215.09,216.99,210,212.85,150429.89,32121257.4
1539820800,2018-10-18,ETHUSDT,212.85,215.3,203.53,206.24,145156.93,30505015.53
1539907200,2018-10-19,ETHUSDT,206.24,208,204.21,205,252056.14,51921732.32
1539993600,2018-10-20,ETHUSDT,205,209.69,203.57,207.91,60493.37,12545791.7
1540080000,2018-10-21,ETHUSDT,207.91,211.99,206.74,207.49,81331.09,17053979.08
1540166400,2018-10-22,ETHUSDT,207.49,209.3,205,206.67,203488.35,42181953.97
1540252800,2018-10-23,ETHUSDT,206.67,207.8,202.14,205.85,110285.96,22640163.85
1540339200,2018-10-24,ETHUSDT,205.85,207.95,204.73,205.35,95688.94,19751968.93
1540425600,2018-10-25,ETHUSDT,205.35,205.94,202.88,203.93,75453.8,15421187.35
1540512000,2018-10-26,ETHUSDT,203.93,209,203,204.92,84687.19,17376838.21
1540598400,2018-10-27,ETHUSDT,204.92,206.15,203.09,204.45,48463.29,9918425.92
1540684800,2018-10-28,ETHUSDT,204.45,205.94,203.62,204.99,42527.14,8702712.38
1540771200,2018-10-29,ETHUSDT,204.99,205.49,195.28,196.96,110535.1,22126323.29
1540857600,2018-10-30,ETHUSDT,196.96,198.6,195.91,197.27,81801.72,16139903.69
1540944000,2018-10-31,ETHUSDT,197.27,201.45,193.01,198.73,107451.29,21199830.24
1541030400,2018-11-01,ETHUSDT,198.73,200.95,197.88,199.96,83850.89,16669489.27
1541116800,2018-11-02,ETHUSDT,199.96,203.74,199.34,202.35,94356.05,19001504.78
1541203200,2018-11-03,ETHUSDT,202.35,202.69,198.59,200.31,69116.87,13861832.63
1541289600,2018-11-04,ETHUSDT,200.31,218.76,199,212.11,169609.52,35256636.65
1541376000,2018-11-05,ETHUSDT,212.11,213.39,207.62,210.66,135891.54,28548934.46
1541462400,2018-11-06,ETHUSDT,210.66,221.25,209.11,220.74,188150.44,40454250.05
1541548800,2018-11-07,ETHUSDT,220.74,224.8,217.01,219.07,193865.4,42802125.25
1541635200,2018-11-08,ETHUSDT,219.07,220.78,212.49,212.79,182796.09,39417547.5
1541721600,2018-11-09,ETHUSDT,212.79,215.51,209.1,210.77,147757.07,31364152.3
1541808000,2018-11-10,ETHUSDT,210.77,215.55,209.02,213.25,127911.01,27278588.9
1541894400,2018-11-11,ETHUSDT,213.25,213.99,209,212.54,132055.09,27984519.24
1541980800,2018-11-12,ETHUSDT,212.54,214.22,210.9,212.89,97559.56,20760128.31
1542067200,2018-11-13,ETHUSDT,212.89,213.8,209.2,209.84,109955.1,23224602.88
1542153600,2018-11-14,ETHUSDT,209.84,210.3,176.16,187.43,399233.32,75871137.86
1542240000,2018-11-15,ETHUSDT,187.43,190,170.99,184.35,424939.96,76723206.23
1542326400,2018-11-16,ETHUSDT,184.35,185,173,176.89,232801.12,41851464.58
1542412800,2018-11-17,ETHUSDT,176.89,177.91,173.94,176.2,141099.68,24801410.44
1542499200,2018-11-18,ETHUSDT,176.2,182.94,176.1,178.97,136560.48,24335702.52
1542585600,2018-11-19,ETHUSDT,178.97,179.33,146.47,150.81,560763.51,88914823.36
1542672000,2018-11-20,ETHUSDT,150.81,154.7,126.95,133.82,928397.06,129725910.4
1542758400,2018-11-21,ETHUSDT,133.82,142.01,127.15,138.23,678840.37,92373362.29
1542844800,2018-11-22,ETHUSDT,138.23,140.4,125.64,126.63,319981.91,42880311.09
1542931200,2018-11-23,ETHUSDT,126.63,128.9,118.56,125.02,481206.94,59783902.28
1543017600,2018-11-24,ETHUSDT,125.02,130.81,112.32,114.89,446989.17,54348206.09
1543104000,2018-11-25,ETHUSDT,114.89,122.35,102.95,118.67,783706.16,87814063.2
1543190400,2018-11-26,ETHUSDT,118.67,121.5,106.41,110.68,645740.39,73396710.63
1543276800,2018-11-27,ETHUSDT,110.68,114.31,102.36,111.43,499649.64,54010413.02
1543363200,2018-11-28,ETHUSDT,111.43,126.8,111.37,122.9,546321.26,64645229.35
1543449600,2018-11-29,ETHUSDT,122.9,124,114.78,117.98,456872.9,54528735.51
1543536000,2018-11-30,ETHUSDT,117.98,120.26,111.09,113.98,393584.41,45488021.57
1543622400,2018-12-01,ETHUSDT,113.73,120.8,111.35,118.1,315394.2,36879893.31
1543708800,2018-12-02,ETHUSDT,118.1,120.73,116,116.57,262267.01,30841332.26
1543795200,2018-12-03,ETHUSDT,116.57,116.96,106.7,108.76,295557.21,32974833.18
1543881600,2018-12-04,ETHUSDT,108.76,113.2,106,109.94,264242.12,29146430.81
1543968000,2018-12-05,ETHUSDT,109.94,110.58,102.38,102.71,337732.86,35789009.41
1544054400,2018-12-06,ETHUSDT,102.71,104.68,90.2,91,553805.57,54922337.22
1544140800,2018-12-07,ETHUSDT,91,96.9,82.07,93.05,960230.81,84299773.38
1544227200,2018-12-08,ETHUSDT,93.05,98,84.55,90.38,658502.09,59633460.56
1544313600,2018-12-09,ETHUSDT,90.38,98.69,88.63,93.26,495185.9,46164705.61
1544400000,2018-12-10,ETHUSDT,93.26,95.21,88.11,89.91,393110.01,35770475.16
1544486400,2018-12-11,ETHUSDT,89.91,91.65,85.83,88.05,322200.97,28486590.67
1544572800,2018-12-12,ETHUSDT,87.76,91.31,86.63,89.41,271583.4,24264019.93
1544659200,2018-12-13,ETHUSDT,89.41,90.71,84.71,86.34,318802.11,28001629.62
1544745600,2018-12-14,ETHUSDT,86.34,87.25,82.2,83.82,304974.91,25941047.9
1544832000,2018-12-15,ETHUSDT,83.82,85,81.79,83.76,210208.57,17573565.9
1544918400,2018-12-16,ETHUSDT,83.76,87.64,83.73,84.67,234099.94,20158259.79
1545004800,2018-12-17,ETHUSDT,84.67,97,84.4,94.02,443502.42,40351559.51
1545091200,2018-12-18,ETHUSDT,94.02,101.3,91.34,100.39,506653.83,47972537.01
1545177600,2018-12-19,ETHUSDT,100.39,107.55,97.75,98.74,786027.14,80572440.26
1545264000,2018-12-20,ETHUSDT,98.74,116,97.88,114.05,793665.68,85891037.85
1545350400,2018-12-21,ETHUSDT,114.05,118,104.76,107.69,637592.55,71326222.43
1545436800,2018-12-22,ETHUSDT,107.69,115.5,105.38,115.2,389920.99,43067512.48
1545523200,2018-12-23,ETHUSDT,115.2,131.94,114.91,129.03,879356.6,111109777.7
1545609600,2018-12-24,ETHUSDT,129.03,157.67,128.8,138.03,1194725.32,172141000
1545696000,2018-12-25,ETHUSDT,138.03,139.26,120.37,127.6,1000117.23,126961683.1
1545782400,2018-12-26,ETHUSDT,127.6,135.32,122.51,129.35,751076.22,96550544.46
1545868800,2018-12-27,ETHUSDT,129.35,131.09,111.22,113.8,679138.14,81861611.19
1545955200,2018-12-28,ETHUSDT,113.8,136.66,111.87,135.3,811242.99,101280995.4
1546041600,2018-12-29,ETHUSDT,135.3,145.42,129,132.89,910866.09,123481087.4
1546128000,2018-12-30,ETHUSDT,132.89,139,128.3,137.77,644708.07,86850368.19
1546214400,2018-12-31,ETHUSDT,137.77,138.66,128.7,131.45,452868.88,60556389.23
1546300800,2019-01-01,ETHUSDT,131.45,140.67,130,139.1,382270.09,51631680.56
1546387200,2019-01-02,ETHUSDT,139.1,155.37,137.76,152.01,875284.94,129041158.2
1546473600,2019-01-03,ETHUSDT,152.01,153.64,143.11,146.3,664311.93,98481947.57
1546560000,2019-01-04,ETHUSDT,146.3,154.8,143.54,151.97,759791.62,114004802
1546646400,2019-01-05,ETHUSDT,151.97,159.26,151.81,152.83,720059.24,111984803.2
1546732800,2019-01-06,ETHUSDT,152.83,157.4,147.51,153.86,586109.49,89301175.09
1546819200,2019-01-07,ETHUSDT,153.86,155.48,147.86,149.34,399397.83,60478414.33
1546905600,2019-01-08,ETHUSDT,149.34,151.65,145.2,147.6,417257.04,61917814.09
1546992000,2019-01-09,ETHUSDT,147.6,151.5,146.77,148.1,280727.61,41874363.76
1547078400,2019-01-10,ETHUSDT,148.1,149.45,121,124.95,737281.35,96721035.88
1547164800,2019-01-11,ETHUSDT,124.95,127.36,120.08,124.65,510011.77,63426826.32
1547251200,2019-01-12,ETHUSDT,124.65,126.19,122,123.35,284758.35,35369276.62
1547337600,2019-01-13,ETHUSDT,123.35,124.25,111.87,114.16,367497.8,43055273.91
1547424000,2019-01-14,ETHUSDT,114.16,130.05,113.94,126.95,491088.87,59991355.79
1547510400,2019-01-15,ETHUSDT,126.95,129.4,116,118.95,558037.46,68861399.74
1547596800,2019-01-16,ETHUSDT,118.95,126.88,118.52,121.48,467223,56674507.85
1547683200,2019-01-17,ETHUSDT,121.48,122.99,116.84,121.54,413731.16,49798552.84
1547769600,2019-01-18,ETHUSDT,121.54,121.98,117.66,119.17,224792.97,27006438.12
1547856000,2019-01-19,ETHUSDT,119.17,125.25,119.14,122.6,294209.81,36138447.55
1547942400,2019-01-20,ETHUSDT,122.6,123.32,115.68,117.47,411599,49043585.67
1548028800,2019-01-21,ETHUSDT,117.47,118.5,113.63,115.63,283646.05,32941812.33
1548115200,2019-01-22,ETHUSDT,115.63,119.49,111.39,117.81,324596.71,37770201.94
1548201600,2019-01-23,ETHUSDT,117.81,118.95,114.8,116.44,220450.49,25829226.21
1548288000,2019-01-24,ETHUSDT,116.44,117.15,113.61,116.39,204535.93,23693155.19
1548374400,2019-01-25,ETHUSDT,116.39,117.5,114.3,115.11,188288.1,21781715.15
1548460800,2019-01-26,ETHUSDT,115.11,117.99,115,115.34,139650.09,16212122.43
1548547200,2019-01-27,ETHUSDT,115.34,116.15,111.04,112.05,227866.28,25941266.05
1548633600,2019-01-28,ETHUSDT,112.05,112.87,100.91,105.5,526329.85,55812354.99
1548720000,2019-01-29,ETHUSDT,105.5,106.61,102.22,104.45,309523.07,32356667.59
1548806400,2019-01-30,ETHUSDT,104.45,109.8,103.45,108.29,308882.14,32999317.17
1548892800,2019-01-31,ETHUSDT,108.29,110.61,105.46,106.44,280771.28,30173365.86
1548979200,2019-02-01,ETHUSDT,106.44,108.35,103.77,106.73,233408.07,24760296.69
1549065600,2019-02-02,ETHUSDT,106.73,111.15,106.07,110.42,181610.41,19579739.3
1549152000,2019-02-03,ETHUSDT,110.42,111.11,105.82,107.36,220307.84,23859078.66
1549238400,2019-02-04,ETHUSDT,107.36,109.3,106.57,107.68,156144.36,16805424.86
1549324800,2019-02-05,ETHUSDT,107.68,108.18,106.47,107.27,155416.93,16674655.74
1549411200,2019-02-06,ETHUSDT,107.27,107.83,101.21,104.5,304451.29,31562679.09
1549497600,2019-02-07,ETHUSDT,104.5,106.18,103.82,104.48,143475.28,15061423.23
1549584000,2019-02-08,ETHUSDT,104.48,123,103.41,119.25,513614.08,58532663.46
1549670400,2019-02-09,ETHUSDT,119.25,121.99,117.64,119.19,317901.46,37849813.12
1549756800,2019-02-10,ETHUSDT,119.19,126.49,115.81,125.12,369493.16,43970178.66
1549843200,2019-02-11,ETHUSDT,125.12,125.28,119.24,120.89,374239.99,45357750.41
1549929600,2019-02-12,ETHUSDT,120.89,123.89,118.18,122.41,328240.98,39726476.21
1550016000,2019-02-13,ETHUSDT,122.41,126.47,120.7,121.86,306292.7,37650250.21
1550102400,2019-02-14,ETHUSDT,121.86,124.5,120.1,120.42,288712.99,35241578.92
1550188800,2019-02-15,ETHUSDT,120.42,124.25,120.19,121.67,246551.78,30045040.64
1550275200,2019-02-16,ETHUSDT,121.67,124.99,121.54,122.67,208812.27,25661641.61
1550361600,2019-02-17,ETHUSDT,122.67,135.61,122.43,133.75,578655.28,74301363.41
1550448000,2019-02-18,ETHUSDT,133.75,148.3,132.42,145.69,1018358.52,144041426
1550534400,2019-02-19,ETHUSDT,145.69,150,142.36,143.44,716620.19,105048109.2
1550620800,2019-02-20,ETHUSDT,143.44,149.52,139.6,148.44,588547.04,85394629.4
1550707200,2019-02-21,ETHUSDT,148.44,149.61,142.7,145.69,428932.11,62510331.77
1550793600,2019-02-22,ETHUSDT,145.69,148.85,143.85,147.36,352537.68,51758020.19
1550880000,2019-02-23,ETHUSDT,147.36,159.6,145.78,157.79,552142.23,84441877.71
1550966400,2019-02-24,ETHUSDT,157.79,166,131.7,132.1,1173895.04,173971331.2
1551052800,2019-02-25,ETHUSDT,132.1,141.55,131.89,137.87,762621.96,105054197.6
1551139200,2019-02-26,ETHUSDT,137.87,138.41,133.72,136.22,419879.87,57203847.83
1551225600,2019-02-27,ETHUSDT,136.22,140.29,126.84,135.02,532294.65,71858506.04
1551312000,2019-02-28,ETHUSDT,135.02,139,132.1,135.34,549077.25,74748160.56
1551398400,2019-03-01,ETHUSDT,135.34,137.95,134.9,135.32,294617.26,40108254.79
1551484800,2019-03-02,ETHUSDT,135.32,136.12,130.03,132.56,284885.36,37860493.28
1551571200,2019-03-03,ETHUSDT,132.56,134.6,128.01,130.6,214395.32,28385122.26
1551657600,2019-03-04,ETHUSDT,130.6,131.11,122.6,125.65,388233.46,49075206.9
1551744000,2019-03-05,ETHUSDT,125.65,137.84,125.19,136.72,487684.28,64429400.96
1551830400,2019-03-06,ETHUSDT,136.72,140.29,133.33,137.4,413153.82,56554449.54
1551916800,2019-03-07,ETHUSDT,137.4,140.2,135.2,136.81,298138.13,41005934.74
1552003200,2019-03-08,ETHUSDT,136.81,139.34,130.62,133.52,318426.73,43271609.48
1552089600,2019-03-09,ETHUSDT,133.52,138.65,132.93,137.27,270223.63,36904281.93
1552176000,2019-03-10,ETHUSDT,137.27,137.5,134,135.37,197622.02,26791871.58
1552262400,2019-03-11,ETHUSDT,135.37,136.15,131,132.67,255192.92,34033771.83
1552348800,2019-03-12,ETHUSDT,132.67,135.3,130.77,133.57,189928.44,25317861.86
1552435200,2019-03-13,ETHUSDT,133.57,133.65,130.58,131.65,203747.19,26917278.66
1552521600,2019-03-14,ETHUSDT,131.65,135.11,128.52,132.2,244481.31,32261843.32
1552608000,2019-03-15,ETHUSDT,132.2,137.62,132.18,136.56,284559.3,38405064.95
1552694400,2019-03-16,ETHUSDT,136.56,144.47,136.51,140.92,453927.3,63956213.46
1552780800,2019-03-17,ETHUSDT,140.92,141.07,137.2,138.67,243751.46,33810339.18
1552867200,2019-03-18,ETHUSDT,138.67,142.01,136.1,137.59,269960.63,37388751.61
1552953600,2019-03-19,ETHUSDT,137.59,139.38,137.4,138.51,16554.75,2292351.92
1554076800,2019-04-01,ETHUSDT,141.38,143.08,139.57,141.24,223762.77,31742218.16
1554163200,2019-04-02,ETHUSDT,141.24,165.6,141,163.31,846585,128934933.5
1554249600,2019-04-03,ETHUSDT,163.31,177.81,149.23,159.96,1252219.86,210053544.9
1554336000,2019-04-04,ETHUSDT,159.96,164,152.8,157.36,648967.18,103191872.1
1554422400,2019-04-05,ETHUSDT,157.36,167.83,155.94,164.77,490801.39,79991807.66
1554508800,2019-04-06,ETHUSDT,164.77,172.77,159.2,165.5,500119.67,82997021.28
1554595200,2019-04-07,ETHUSDT,165.5,175.43,164.06,174.21,443134.62,75055749.13
1554681600,2019-04-08,ETHUSDT,174.21,185.87,170.9,178.72,819037.59,146669508.5
1554768000,2019-04-09,ETHUSDT,178.72,179.17,171.05,174.6,413283,72468123.3
1554854400,2019-04-10,ETHUSDT,174.6,183.77,168,177.12,493411.54,87872245.28
1554940800,2019-04-11,ETHUSDT,177.12,177.48,158.27,164.07,625407.28,104222268.3
1555027200,2019-04-12,ETHUSDT,164.07,166.5,158.11,163.19,302904.32,49368706.84
1555113600,2019-04-13,ETHUSDT,163.19,165.37,160.74,162.99,174739.39,28513596.81
1555200000,2019-04-14,ETHUSDT,162.99,168.11,161.2,167.23,179893.01,29476496.26
1555286400,2019-04-15,ETHUSDT,167.23,168.81,155.7,159.95,333489.91,54304236.02
1555372800,2019-04-16,ETHUSDT,159.95,166.73,159.41,165.37,231611.35,37813747.09
1555459200,2019-04-17,ETHUSDT,165.37,167.28,163.78,165.75,222195.94,36744478.51
1555545600,2019-04-18,ETHUSDT,165.75,175.2,165.04,173.33,380670.34,65383225.63
1555632000,2019-04-19,ETHUSDT,173.33,173.55,168.59,172.64,306420.83,52574577.89
1555718400,2019-04-20,ETHUSDT,172.64,176.97,169.87,172.88,244125.65,42297879.68
1555804800,2019-04-21,ETHUSDT,172.88,173.48,164.82,168.59,272700.3,45975478.72
1555891200,2019-04-22,ETHUSDT,168.59,172.3,167,170.52,258633.4,43924987.34
1555977600,2019-04-23,ETHUSDT,170.52,175.83,167.78,169.16,348596.28,60208699.74
1556064000,2019-04-24,ETHUSDT,169.16,169.87,159.26,164.78,398770.06,65535958.61
1556150400,2019-04-25,ETHUSDT,164.78,165.49,150.35,154.72,396860.05,63279559.92
1556236800,2019-04-26,ETHUSDT,154.72,162.56,151.4,157.95,478380.47,74893642.58
1556323200,2019-04-27,ETHUSDT,157.95,166.24,156.35,159.31,205087.38,32559965.37
1556409600,2019-04-28,ETHUSDT,159.31,160.24,156.92,157.85,148389.69,23576134.31
1556496000,2019-04-29,ETHUSDT,157.85,159.05,152,155.11,232970.11,36243415.98
1556582400,2019-04-30,ETHUSDT,155.11,162.89,155.11,161.83,289299.73,45851815.55
1556668800,2019-05-01,ETHUSDT,161.83,163.88,158.36,160.19,185963.47,29910233.69
1556755200,2019-05-02,ETHUSDT,160.19,163.48,158.5,161.81,271007.14,43722606.95
1556841600,2019-05-03,ETHUSDT,161.81,170.86,160.99,168.06,398708.66,66245699.88
1556928000,2019-05-04,ETHUSDT,168.06,171.3,159.76,163.7,301510.19,49718164.78
1557014400,2019-05-05,ETHUSDT,163.7,165.36,159.18,163.05,170740.8,27800461.6
1557100800,2019-05-06,ETHUSDT,163.05,178.05,157.55,173,481434.62,81841271.72
1557187200,2019-05-07,ETHUSDT,173,182.76,172.96,178.67,327985.85,58777474.25
1557273600,2019-05-08,ETHUSDT,169.18,173.17,164.8,170.85,284442.28,48281293.85
1557360000,2019-05-09,ETHUSDT,170.85,173.88,166.57,170.9,275275.41,46883196.58
1557446400,2019-05-10,ETHUSDT,170.9,176.7,168.46,172.91,404385.64,70053126.38
1557532800,2019-05-11,ETHUSDT,172.91,205.23,172.91,190.2,838324.58,158238317.6
1557619200,2019-05-12,ETHUSDT,190.2,204.32,181,188.11,782428.2,149765628.2
1557705600,2019-05-13,ETHUSDT,188.11,206.87,185.32,195.84,633515.79,124079501.1
1557792000,2019-05-14,ETHUSDT,195.84,219.81,194.19,216.4,822230.4,170977066.7
1557878400,2019-05-15,ETHUSDT,216.4,250.27,216.21,248.1,543747.95,127761385
1557964800,2019-05-16,ETHUSDT,248.1,279.76,241.76,264.25,1605154.01,418925215.4
1558051200,2019-05-17,ETHUSDT,264.25,268.74,223.43,244.3,1412755.02,338397458.1
1558137600,2019-05-18,ETHUSDT,244.3,248,230.62,233.6,638392.93,152141882.6
1558224000,2019-05-19,ETHUSDT,233.6,264,231.77,259.51,775107.93,195130388.3
1558310400,2019-05-20,ETHUSDT,259.51,259.51,238,250.37,628106.82,156144015.4
1558396800,2019-05-21,ETHUSDT,250.37,262,246.06,253.43,549614.28,138984555.5
1558483200,2019-05-22,ETHUSDT,253.43,260.18,239.63,243.64,560424.11,140901929.5
1558569600,2019-05-23,ETHUSDT,243.64,247.34,231.1,244.56,570566.98,136949164
1558656000,2019-05-24,ETHUSDT,244.56,254.35,241.54,248.87,425752.52,105984404.5
1558742400,2019-05-25,ETHUSDT,248.87,257.33,247.22,250.22,317334.87,79830875.09
1558828800,2019-05-26,ETHUSDT,250.22,269.4,245.11,264.45,425088.84,108659658.8
1558915200,2019-05-27,ETHUSDT,264.45,279.59,260,270.53,598629.89,160364493.8
1559001600,2019-05-28,ETHUSDT,270.53,275.95,264.45,271.03,390994.62,105636012.8
1559088000,2019-05-29,ETHUSDT,271.03,274.04,260.05,268.83,367332.14,98559583.63
1559174400,2019-05-30,ETHUSDT,268.83,288.62,240.14,254.56,996943.91,271192857.7
1559260800,2019-05-31,ETHUSDT,254.56,268.72,245.21,267.9,571685.2,146963771.9
1559347200,2019-06-01,ETHUSDT,267.9,275.5,260.68,264.33,435412.03,116425538.2
1559433600,2019-06-02,ETHUSDT,264.33,273.2,263.2,268.88,290396.08,77963813.46
1559520000,2019-06-03,ETHUSDT,268.88,270,248,249.91,375159.23,97854037.32
1559606400,2019-06-04,ETHUSDT,249.91,251.67,234.39,241.39,598339.96,146070179.9
1559692800,2019-06-05,ETHUSDT,241.39,250.41,237.37,245.63,320776.63,78146606.64
1559779200,2019-06-06,ETHUSDT,245.63,250.66,235.01,248.76,284787.38,69305545.99
1559865600,2019-06-07,ETHUSDT,248.76,253.28,243.46,248.77,337098.73,83605214.47
1559952000,2019-06-08,ETHUSDT,248.77,250.53,240.37,243.25,181441.59,44575400.24
1560038400,2019-06-09,ETHUSDT,243.25,244.53,226.56,230.98,302409.55,71183674.1
1560124800,2019-06-10,ETHUSDT,230.98,247.45,227.03,246.51,300548.17,71716174.55
1560211200,2019-06-11,ETHUSDT,246.51,247.8,236.49,244.29,225111.94,54553406.5
1560297600,2019-06-12,ETHUSDT,244.29,261.87,242.2,261.15,319093.14,80270999.76
1560384000,2019-06-13,ETHUSDT,261.15,262.98,253.69,254.67,278574.88,72040235.02
1560470400,2019-06-14,ETHUSDT,254.67,264.26,251.75,262.47,313274,80418266.35
1560556800,2019-06-15,ETHUSDT,262.47,272.27,260.61,267.82,274346.73,72796065.62
1560643200,2019-06-16,ETHUSDT,267.82,277.06,263.31,267.73,435193.89,117639745.2
1560729600,2019-06-17,ETHUSDT,267.73,276,266.81,273.16,324304.43,87754219.97
1560816000,2019-06-18,ETHUSDT,273.16,273.58,261.45,264.66,307979.42,82147010.91
1560902400,2019-06-19,ETHUSDT,264.66,270,263.59,268.14,201877.83,53930369.85
1560988800,2019-06-20,ETHUSDT,268.14,273.63,265.71,271.22,192912.37,51897585.89
1561075200,2019-06-21,ETHUSDT,271.22,295.94,271.22,294.35,492090.84,140711190.4
1561161600,2019-06-22,ETHUSDT,294.35,314.39,289.69,310.79,680609.92,208097061.8
1561248000,2019-06-23,ETHUSDT,310.79,321.7,305.58,308.52,395975.5,124093261.7
1561334400,2019-06-24,ETHUSDT,308.52,314.41,298,311.64,334998.3,102980309.6
1561420800,2019-06-25,ETHUSDT,311.64,318.99,307,318.26,329610.54,103150282.9
1561507200,2019-06-26,ETHUSDT,318.26,366.8,315.57,339.39,928398.83,314357805.8
1561593600,2019-06-27,ETHUSDT,339.39,347,280.01,298.35,934508.88,289763401.8
1561680000,2019-06-28,ETHUSDT,298.35,313.58,295.22,311.05,502865.27,153795315.1
1561766400,2019-06-29,ETHUSDT,311.05,324.74,295.18,317.62,402767.82,123440854.2
1561852800,2019-06-30,ETHUSDT,317.62,323.5,290.12,292.7,461046.98,141003992.5
1561939200,2019-07-01,ETHUSDT,292.7,303.49,280.13,295.07,463938.62,135354542.1
1562025600,2019-07-02,ETHUSDT,295.07,297.57,272.65,291.48,465832.98,132109017.5
1562112000,2019-07-03,ETHUSDT,291.48,302.89,285,301.14,352625.41,103982010.5
1562198400,2019-07-04,ETHUSDT,301.14,302.74,280.53,282.73,260304.47,76437831.66
1562284800,2019-07-05,ETHUSDT,282.73,294.89,280.78,287.47,250185.73,72016394.82
1562371200,2019-07-06,ETHUSDT,287.47,296.71,285.28,288.29,187774.35,54720578.82
1562457600,2019-07-07,ETHUSDT,288.29,309.69,284.25,304.72,234700.54,69775331.55
1562544000,2019-07-08,ETHUSDT,304.72,313.74,300.78,311.97,276935.54,84993677.27
1562630400,2019-07-09,ETHUSDT,311.97,318.19,302.69,307.46,293889.15,91372097.21
1562716800,2019-07-10,ETHUSDT,307.46,314.18,281.04,289.23,426352.56,126707113
1562803200,2019-07-11,ETHUSDT,289.23,289.23,262.12,268.63,474546.14,129123265.5
1562889600,2019-07-12,ETHUSDT,268.63,278.99,266.21,274.62,256330.2,69911493.67
1562976000,2019-07-13,ETHUSDT,274.62,275.04,262.2,268.79,198264.43,53259075.95
1563062400,2019-07-14,ETHUSDT,268.79,269.74,222.81,225.85,502671.46,121763826.5
1563148800,2019-07-15,ETHUSDT,225.85,235.58,203.08,228.2,670890.89,149789944.4
1563235200,2019-07-16,ETHUSDT,228.2,234.5,192.25,198.88,663570.16,140583678.7
1563321600,2019-07-17,ETHUSDT,198.88,219.86,191.84,210.81,654709.37,134755146.7
1563408000,2019-07-18,ETHUSDT,210.81,229.65,205.71,225.73,571266.02,124404066.3
1563494400,2019-07-19,ETHUSDT,225.73,226.23,212.52,220.73,352958.87,77505331.06
1563580800,2019-07-20,ETHUSDT,220.73,235.09,219.78,228.2,308327.14,70282478.12
1563667200,2019-07-21,ETHUSDT,228.2,229.66,216.99,225.38,256533.09,57404562.62
1563753600,2019-07-22,ETHUSDT,225.38,228.34,212.25,217.51,257250.37,56520639.97
1563840000,2019-07-23,ETHUSDT,217.51,219.55,208.36,212.48,304107.35,64989471.6
1563926400,2019-07-24,ETHUSDT,212.48,218.28,202,216.31,312744.21,65437569.67
1564012800,2019-07-25,ETHUSDT,216.31,225.12,215.23,219.14,268128.71,59309595.05
1564099200,2019-07-26,ETHUSDT,219.14,220,212.71,218.81,146879.47,31820101.61
1564185600,2019-07-27,ETHUSDT,218.81,223.3,203,207.3,249914.53,53195918.15
1564272000,2019-07-28,ETHUSDT,207.3,213.52,198.24,211.62,206493.53,42875063.52
1564358400,2019-07-29,ETHUSDT,211.62,215.83,206.59,210.89,215871.37,45520537.27
1564444800,2019-07-30,ETHUSDT,210.89,214.36,204.4,209.58,213617.67,44727001.37
1564531200,2019-07-31,ETHUSDT,209.58,218.79,209.2,218.42,199072.03,42667260.47
1564617600,2019-08-01,ETHUSDT,218.42,219.39,210.54,216.84,178367.73,38245768.5
1564704000,2019-08-02,ETHUSDT,216.84,222.18,214.31,217.61,197378.6,43048711.84
1564790400,2019-08-03,ETHUSDT,217.61,224.51,216.62,222.14,173091.61,38402414.61
1564876800,2019-08-04,ETHUSDT,222.14,223.34,216.9,221.79,129252.63,28434538.95
1564963200,2019-08-05,ETHUSDT,221.79,236.25,221.79,233.54,293028.62,67519115.44
1565049600,2019-08-06,ETHUSDT,233.54,239.15,223.03,226.28,321598.75,74057470.81
1565136000,2019-08-07,ETHUSDT,226.28,231.25,220.95,226.1,266654.97,60324416.2
1565222400,2019-08-08,ETHUSDT,226.1,228.5,215.51,221.39,227302.75,50605328.79
1565308800,2019-08-09,ETHUSDT,221.39,221.79,207.3,210.53,222126.62,47305932.95
1565395200,2019-08-10,ETHUSDT,210.53,215,202.6,206.48,238814.18,49672833.39
1565481600,2019-08-11,ETHUSDT,206.48,216.94,206.14,216.42,181226.33,38340043.64
1565568000,2019-08-12,ETHUSDT,216.42,216.81,209.75,211.41,118019.79,25084874.56
1565654400,2019-08-13,ETHUSDT,211.41,214.3,204,209.3,160581.72,33540267.5
1565740800,2019-08-14,ETHUSDT,209.3,209.9,183.49,187.1,303096.75,59313621.96
1565827200,2019-08-15,ETHUSDT,187.1,189.95,181.23,188.03,227061.95,42159161.36
1565913600,2019-08-16,ETHUSDT,188.03,188.39,178.04,184.88,266677.79,49099025.49
1566000000,2019-08-17,ETHUSDT,184.88,187,181.83,185.59,133031.38,24536347.33
1566086400,2019-08-18,ETHUSDT,185.59,197.91,183.35,194.33,167642.42,32170746.08
1566172800,2019-08-19,ETHUSDT,194.33,203.59,192.7,202.28,227767.43,45335821.49
1566259200,2019-08-20,ETHUSDT,202.28,202.75,194.45,196.6,182698.67,36108993.49
1566345600,2019-08-21,ETHUSDT,196.6,197.2,179.53,187.45,272790.2,51147312.61
1566432000,2019-08-22,ETHUSDT,187.45,195.14,182.8,190.35,235248.89,44470719.79
1566518400,2019-08-23,ETHUSDT,190.35,196.19,188.16,194.02,184607.56,35496408.13
1566604800,2019-08-24,ETHUSDT,194.02,194.09,185.63,190.6,160347.74,30376792.7
1566691200,2019-08-25,ETHUSDT,190.6,192.4,182.8,186.54,161329.18,30335644.16
1566777600,2019-08-26,ETHUSDT,186.54,193.7,186,188.67,239138.62,45398330.11
1566864000,2019-08-27,ETHUSDT,188.67,189.49,184.75,187.24,151685.35,28352312.68
1566950400,2019-08-28,ETHUSDT,187.24,188.25,166.48,173.03,310652.09,55302425.27
1567036800,2019-08-29,ETHUSDT,173.03,173.5,163.61,169.01,281855.76,47581787.34
1567123200,2019-08-30,ETHUSDT,169.01,170.77,165.55,168.5,228759.94,38554989.34
1567209600,2019-08-31,ETHUSDT,168.5,174.98,165.63,171.57,187480.91,31707801.22
1567296000,2019-09-01,ETHUSDT,171.57,173.42,167.61,170.74,183240.54,31281728.17
1567382400,2019-09-02,ETHUSDT,170.74,181,170.02,178.05,282280.98,49273287.05
1567468800,2019-09-03,ETHUSDT,178.05,183,174.09,178.75,310855.34,55583824.36
1567555200,2019-09-04,ETHUSDT,178.75,180.14,173,174.72,274523.51,48560376.96
1567641600,2019-09-05,ETHUSDT,174.72,176.19,168.1,173.75,221555.38,38312850.42
1567728000,2019-09-06,ETHUSDT,173.75,177.87,165,169.08,296625.44,51273807.39
1567814400,2019-09-07,ETHUSDT,169.08,180.8,168.3,177.62,241491.41,42124248.56
1567900800,2019-09-08,ETHUSDT,177.62,184.18,176.13,181.19,275778.2,49842584.39
1567987200,2019-09-09,ETHUSDT,181.19,185.38,176.01,180.54,261713.25,47173776.11
1568073600,2019-09-10,ETHUSDT,180.54,184.36,177,179.81,230231.59,41596161.55
1568160000,2019-09-11,ETHUSDT,179.81,182.8,173,178.28,266594.87,47528584.59
1568246400,2019-09-12,ETHUSDT,178.28,182.38,176.62,180.72,197575.01,35351888.23
1568332800,2019-09-13,ETHUSDT,180.72,181.38,177.54,180.95,256498.05,45962397.18
1568419200,2019-09-14,ETHUSDT,180.95,188.79,179.75,188.13,267890.02,49301727.59
1568505600,2019-09-15,ETHUSDT,188.13,190.45,185.76,189.03,280767.97,52838135.4
1568592000,2019-09-16,ETHUSDT,189.03,199.44,188.3,197.22,528337.79,102062344
1568678400,2019-09-17,ETHUSDT,197.22,215.13,195.74,207.84,679750.83,138537974.9
1568764800,2019-09-18,ETHUSDT,207.84,217.27,207.66,210.21,513120.86,109185207.9
1568851200,2019-09-19,ETHUSDT,210.21,223.94,202.3,220.24,798364.11,169765924.5
1568937600,2019-09-20,ETHUSDT,220.24,221.54,212.05,218.03,419691.04,91139018.99
1569024000,2019-09-21,ETHUSDT,218.03,221.5,213.2,215.05,401268.72,87031266.85
1569110400,2019-09-22,ETHUSDT,215.05,215.61,206.1,211.2,429674.79,90355426.04
1569196800,2019-09-23,ETHUSDT,211.2,211.68,198.65,201.29,370778.41,76480240.57
1569283200,2019-09-24,ETHUSDT,201.29,202.98,150.03,165.81,1363213.86,243379297.3
1569369600,2019-09-25,ETHUSDT,165.81,174.85,161.88,169.96,836755.71,140536612.7
1569456000,2019-09-26,ETHUSDT,169.96,171.01,152.11,165.92,733245.19,120346284.7
1569542400,2019-09-27,ETHUSDT,165.92,176.72,161.03,173.79,609465.32,102179168.1
1569628800,2019-09-28,ETHUSDT,173.79,175.49,168,173.49,498053.68,86032077.29
1569715200,2019-09-29,ETHUSDT,173.49,174.5,164.12,169.24,392597.9,66248760.77
1569801600,2019-09-30,ETHUSDT,169.24,181.24,165.01,180.85,554168.15,95914938.64
1569888000,2019-10-01,ETHUSDT,180.85,185.53,173.19,175.66,586545.58,105161166.9
1569974400,2019-10-02,ETHUSDT,175.66,181.29,173.65,180.24,338868.8,59865827.63
1570060800,2019-10-03,ETHUSDT,180.24,180.72,169.55,174.69,340721.86,59558818.25
1570147200,2019-10-04,ETHUSDT,174.69,178.98,170.74,175.55,325127.03,56932366.85
1570233600,2019-10-05,ETHUSDT,175.55,176.71,172.02,176.25,270609.34,47271313.39
1570320000,2019-10-06,ETHUSDT,176.25,177.04,167.68,170.1,301841.03,51999909.55
1570406400,2019-10-07,ETHUSDT,170.1,182.32,168.68,179.85,475093.57,83824351.25
1570492800,2019-10-08,ETHUSDT,179.85,184.87,177,180.6,389765.25,70433567.67
1570579200,2019-10-09,ETHUSDT,180.6,195.53,178.96,192.62,534724.89,100311424.1
1570665600,2019-10-10,ETHUSDT,192.62,194.2,186.88,191.14,422547.23,80689331.12
1570752000,2019-10-11,ETHUSDT,191.14,196.65,179.41,180.72,591383.47,110203826.6
1570838400,2019-10-12,ETHUSDT,180.72,184.64,177.59,179.68,279788.67,50965734.81
1570924800,2019-10-13,ETHUSDT,179.68,184.95,178.52,180.99,239199,43543242.64
1571011200,2019-10-14,ETHUSDT,180.99,187.54,180.43,186.72,269170.77,49546842.29
1571097600,2019-10-15,ETHUSDT,186.72,188.37,175.96,180.49,387050.59,70641015.86
1571184000,2019-10-16,ETHUSDT,180.49,181.44,171.81,174.47,332405.5,58485276.52
1571270400,2019-10-17,ETHUSDT,174.47,178.96,172.61,177.16,290449.49,51108292
1571356800,2019-10-18,ETHUSDT,177.16,177.44,168.66,172.74,305440.58,52841260.94
1571443200,2019-10-19,ETHUSDT,172.74,174.98,169.44,171.79,286263.23,49430471.72
1571529600,2019-10-20,ETHUSDT,171.79,176.88,169.21,175.22,289260.18,49948123.83
1571616000,2019-10-21,ETHUSDT,175.22,177.9,171.59,173.98,260666.49,45469222.59
1571702400,2019-10-22,ETHUSDT,173.98,175.04,170.3,171.2,247181.29,42751256.73
1571788800,2019-10-23,ETHUSDT,171.2,171.49,153.45,162.35,708189.51,114846484.9
1571875200,2019-10-24,ETHUSDT,162.35,163.72,158.72,160.38,371110.87,59810574.76
1571961600,2019-10-25,ETHUSDT,160.38,187.78,160.25,181.5,849292.14,147717399.8
1572048000,2019-10-26,ETHUSDT,181.5,197.74,173.8,179.49,1130585.89,207900555.4
1572134400,2019-10-27,ETHUSDT,179.49,188.7,176.22,183.75,689200.89,125882240.9
1572220800,2019-10-28,ETHUSDT,183.75,189.48,180.35,181.72,556620.52,102226266.7
1572307200,2019-10-29,ETHUSDT,181.72,192.74,181.26,190.46,506155.87,94569475.32
1572393600,2019-10-30,ETHUSDT,190.46,191.71,179.28,183.13,512800.46,94898691.95
1572480000,2019-10-31,ETHUSDT,183.13,185.27,177.66,182.18,394469.01,71703651.96
1572566400,2019-11-01,ETHUSDT,182.18,184.5,177.02,182.85,317983.8,57639173.63
1572652800,2019-11-02,ETHUSDT,182.85,186,181.53,182.91,173813.07,31827733.25
1572739200,2019-11-03,ETHUSDT,182.91,184.7,178.95,181.54,225932.4,41044502.83
1572825600,2019-11-04,ETHUSDT,181.54,188.64,180.36,185.71,310127.55,57308389.47
1572912000,2019-11-05,ETHUSDT,185.71,192.51,182.22,188.68,371172.2,69563505.73
1572998400,2019-11-06,ETHUSDT,188.68,195.09,187.72,191.16,328894.68,62734469.41
1573084800,2019-11-07,ETHUSDT,191.16,192.27,184.59,186.68,292788.86,
1573171200,2019-11-08,ETHUSDT,186.68,188.26,181.41,183.74,351666.53,64847399.15
1573257600,2019-11-09,ETHUSDT,183.74,185.79,182.63,184.89,187106.31,34525992.08
1573344000,2019-11-10,ETHUSDT,184.89,191.58,183.3,188.96,260963.45,49015886.33
1573430400,2019-11-11,ETHUSDT,188.96,190.19,184.06,184.98,246368.68,46028172.19
1573516800,2019-11-12,ETHUSDT,184.98,187.65,182.41,187.09,246483.11,45728031.54
1573603200,2019-11-13,ETHUSDT,187.09,189.66,185.3,188.11,190888.69,35739562.15
1573689600,2019-11-14,ETHUSDT,188.11,188.72,183.34,184.92,235062.8,43589930.86
1573776000,2019-11-15,ETHUSDT,184.92,186.7,177.67,180,386654.39,70424985.1
1573862400,2019-11-16,ETHUSDT,180,183.46,179.3,182.37,167665.99,30446498.61
1573948800,2019-11-17,ETHUSDT,182.37,186.09,180,183.82,190857.89,35035505.71
1574035200,2019-11-18,ETHUSDT,183.82,184.06,175.01,178.2,279081.64,50387496.8
1574121600,2019-11-19,ETHUSDT,178.2,178.52,172.65,175.94,265307.87,46558860.83
1574208000,2019-11-20,ETHUSDT,175.94,177.41,173.5,174.72,209156.3,36743385.21
1574294400,2019-11-21,ETHUSDT,174.72,175.85,157.26,161.01,443493.41,73609842.18
1574380800,2019-11-22,ETHUSDT,161.01,162.79,138,149.56,914039.56,138017241.5
1574467200,2019-11-23,ETHUSDT,149.56,154.33,146.11,151.84,357594.29,53769734.85
1574553600,2019-11-24,ETHUSDT,151.84,152.86,138.62,139.96,336632.03,49223900.92
1574640000,2019-11-25,ETHUSDT,139.96,151.5,131.45,145.69,711134.93,100759034.8
1574726400,2019-11-26,ETHUSDT,145.69,149.97,143.37,147.47,342000.93,50110636.19
1574812800,2019-11-27,ETHUSDT,147.47,155.54,140.84,152.62,539755.24,79800282.92
1574899200,2019-11-28,ETHUSDT,152.62,154.63,149.09,150.72,308095.64,46862761.54
1574985600,2019-11-29,ETHUSDT,150.72,157.6,150.23,154.57,315232.94,48567578.38
1575072000,2019-11-30,ETHUSDT,154.57,155.25,149.7,151.37,218242.2,33306015.62
1575158400,2019-12-01,ETHUSDT,151.37,152.49,145.79,150.73,333805.18,49605475.6
1575244800,2019-12-02,ETHUSDT,150.73,151.42,146.71,148.65,226368.37,33657545.76
1575331200,2019-12-03,ETHUSDT,148.65,149.93,145.77,147.17,190321.22,28172113.95
1575417600,2019-12-04,ETHUSDT,147.17,151.98,143.15,145.38,413893.63,60816459.89
1575504000,2019-12-05,ETHUSDT,145.38,149.02,143.64,148.1,290195.84,42477649.02
1575590400,2019-12-06,ETHUSDT,148.1,149.77,145.74,148.45,214043.49,31571079.16
1575676800,2019-12-07,ETHUSDT,148.45,149.49,146.85,147.14,137623.89,20378153.13
1575763200,2019-12-08,ETHUSDT,147.14,151.62,146.11,150.44,198798.49,29636206.41
1575849600,2019-12-09,ETHUSDT,150.44,151.19,146.56,147.38,234892.89,35021302.17
1575936000,2019-12-10,ETHUSDT,147.38,148.57,143.81,145.56,196037.39,28695511.49
1576022400,2019-12-11,ETHUSDT,145.56,146.34,142.12,143.39,151158.71,21813150.33
1576108800,2019-12-12,ETHUSDT,143.39,145.85,139.24,144.87,251411.47,35967896.26
1576195200,2019-12-13,ETHUSDT,144.87,146,142.8,144.8,154820.14,22356480.7
1576281600,2019-12-14,ETHUSDT,144.8,145.07,141.18,141.79,120631.41,17228895.74
1576368000,2019-12-15,ETHUSDT,141.79,144.12,139.92,142.46,145016.98,20618644.83
1576454400,2019-12-16,ETHUSDT,142.46,142.72,127.93,132.73,437497.77,59139271.74
1576540800,2019-12-17,ETHUSDT,132.73,132.98,119.11,121.88,532872.03,67861133
1576627200,2019-12-18,ETHUSDT,121.88,134.87,116.26,132.78,833851.78,104177536.8
1576713600,2019-12-19,ETHUSDT,132.78,134,125.69,128.1,403979.3,51631958.77
1576800000,2019-12-20,ETHUSDT,128.1,129.39,125.84,128.19,207985.43,26512592.56
1576886400,2019-12-21,ETHUSDT,128.19,128.4,126.5,126.99,132720.05,16884321.51
1576972800,2019-12-22,ETHUSDT,126.99,133.07,126.82,132.09,243709.39,31709681.4
1577059200,2019-12-23,ETHUSDT,132.09,135.1,126,127.8,403444.63,53113907.43
1577145600,2019-12-24,ETHUSDT,127.8,129.69,126.61,127.75,195568.05,25019412.52
1577232000,2019-12-25,ETHUSDT,127.75,127.84,123.07,125.09,217072.14,27152035.96
1577318400,2019-12-26,ETHUSDT,125.09,132.26,124.32,125.58,264761.45,33640422.58
1577404800,2019-12-27,ETHUSDT,125.58,127.1,121.91,126.29,230480.93,28830200.9
1577491200,2019-12-28,ETHUSDT,126.29,129.68,125.84,128.11,190522.36,24362386.14
1577577600,2019-12-29,ETHUSDT,128.11,138.07,127.52,134.36,305028.93,40385912.31
1577664000,2019-12-30,ETHUSDT,134.36,136.24,130.3,131.59,310948.96,41385306.38
1577750400,2019-12-31,ETHUSDT,131.59,133.68,128.17,129.16,253609.59,33199288.04
1577836800,2020-01-01,ETHUSDT,129.16,133.05,128.68,130.77,139914.06,18315112.72
1577923200,2020-01-02,ETHUSDT,130.77,130.78,126.38,127.19,205584.82,26439112.56
1578009600,2020-01-03,ETHUSDT,127.19,135.14,125.88,134.35,393667.19,51594031.35
1578096000,2020-01-04,ETHUSDT,134.35,135.85,132.5,134.2,177443.01,23726825.61
1578182400,2020-01-05,ETHUSDT,134.2,138.19,134.19,135.37,245430.22,33409389.29
1578268800,2020-01-06,ETHUSDT,135.37,144.41,134.86,144.15,390887.66,54988844.02
1578355200,2020-01-07,ETHUSDT,144.15,145.31,138.76,142.8,428370.82,61099348.85
1578441600,2020-01-08,ETHUSDT,142.8,147.77,137.03,140.72,544245.87,77457458.44
1578528000,2020-01-09,ETHUSDT,140.72,141.5,135.3,137.74,351351.39,48576609.83
1578614400,2020-01-10,ETHUSDT,137.74,145.17,135.32,144.84,391085.16,54795122.16
1578700800,2020-01-11,ETHUSDT,144.84,148.05,142.09,142.38,353193.99,50961058.63
1578787200,2020-01-12,ETHUSDT,142.38,146.6,141.76,146.54,222040.14,32030854.2
1578873600,2020-01-13,ETHUSDT,146.54,147,142.27,143.58,199870.41,28720164.84
1578960000,2020-01-14,ETHUSDT,143.58,171.7,143.51,165.64,1039531.63,162672528.5
1579046400,2020-01-15,ETHUSDT,165.64,171.98,159.2,166.4,682321.61,112726563.2
1579132800,2020-01-16,ETHUSDT,166.4,167.4,157.8,164.21,436728.25,70887785.19
1579219200,2020-01-17,ETHUSDT,164.21,174.81,162.14,169.85,728816.58,123404702.3
1579305600,2020-01-18,ETHUSDT,169.85,179.5,164.92,174.14,648779.16,112443904.2
1579392000,2020-01-19,ETHUSDT,174.14,178.05,161.66,166.79,590460.39,99921047.78
1579478400,2020-01-20,ETHUSDT,166.79,169.33,161.24,166.87,344308.07,57012558.32
1579564800,2020-01-21,ETHUSDT,166.87,170.32,164.8,169.49,296061.29,49612520.37
1579651200,2020-01-22,ETHUSDT,169.49,171.47,166.03,168.07,262360.65,44239157.68
1579737600,2020-01-23,ETHUSDT,168.07,168.2,159.21,162.81,356492.08,58213358.74
1579824000,2020-01-24,ETHUSDT,162.81,164.45,155.55,162.54,408675.73,65566039.99
1579910400,2020-01-25,ETHUSDT,162.54,162.79,157.61,160.35,212430.29,33997912.86
1579996800,2020-01-26,ETHUSDT,160.35,168.08,159.41,167.86,242715.51,39785481.66
1580083200,2020-01-27,ETHUSDT,167.86,172.56,165.22,170.08,350541.8,59247889.07
1580169600,2020-01-28,ETHUSDT,170.08,176.2,170.03,175.64,453091.09,78136436.79
1580256000,2020-01-29,ETHUSDT,175.64,178.45,173.33,173.72,304544.32,53722594.27
1580342400,2020-01-30,ETHUSDT,173.72,187,170.93,184.69,454700.34,81049668.32
1580428800,2020-01-31,ETHUSDT,184.69,185.82,175.22,179.99,366753.1,66236792.63
1580515200,2020-02-01,ETHUSDT,179.99,184.28,179.23,183.6,248894.59,45354872.22
1580601600,2020-02-02,ETHUSDT,183.6,193.43,179.1,188.44,522974.41,98521833.63
1580688000,2020-02-03,ETHUSDT,188.44,195.19,186.62,189.69,395877.93,75286672.7
1580774400,2020-02-04,ETHUSDT,189.69,191.6,184.69,188.91,352075.61,66035866.04
1580860800,2020-02-05,ETHUSDT,188.91,207.61,188.19,203.78,519658.37,102470847.3
1580947200,2020-02-06,ETHUSDT,203.78,216.33,201.02,213.19,570248.32,119880246.5
1581033600,2020-02-07,ETHUSDT,213.19,225,213.14,223.33,592719.22,130454546.4
1581120000,2020-02-08,ETHUSDT,223.33,227.75,213.22,223.05,517161.42,115090436.9
1581206400,2020-02-09,ETHUSDT,223.05,230.65,222.86,228.49,332848.82,75699299.01
1581292800,2020-02-10,ETHUSDT,228.49,229.4,216.37,222.89,478273.92,106265469.6
1581379200,2020-02-11,ETHUSDT,222.89,239.15,218.17,236.69,562753.63,128349395.7
1581465600,2020-02-12,ETHUSDT,236.69,275.34,236.69,265.74,963171.41,247432452.6
1581552000,2020-02-13,ETHUSDT,265.74,277.69,256.08,268.32,1011436.81,270614332.6
1581638400,2020-02-14,ETHUSDT,268.32,287.15,260.28,285.15,684464.77,187263398.5
1581724800,2020-02-15,ETHUSDT,285.15,288.41,261.86,264.88,790454.21,217055958
1581811200,2020-02-16,ETHUSDT,264.88,274,237.41,258.85,1018461.31,262816513.2
1581897600,2020-02-17,ETHUSDT,258.85,268.77,242,267.85,1032013.25,260587600.3
1581984000,2020-02-18,ETHUSDT,267.85,285.88,258,282.61,1031283.77,281171988.2
1582070400,2020-02-19,ETHUSDT,282.61,285,251.56,258.45,644589.32,175285824
1582156800,2020-02-20,ETHUSDT,258.45,264.33,245.34,256.96,901509.83,231103275
1582243200,2020-02-21,ETHUSDT,256.96,268.24,253.61,265.27,497792.41,130500107.4
1582329600,2020-02-22,ETHUSDT,265.27,266.81,256,261.57,298377.68,77946875.29
1582416000,2020-02-23,ETHUSDT,261.57,275.68,261.02,274.48,418526.36,112943424.7
1582502400,2020-02-24,ETHUSDT,274.48,277.2,257.09,265.52,650950.16,173787880.5
1582588800,2020-02-25,ETHUSDT,265.52,266.22,244.44,246.67,717649.65,182912035.3
1582675200,2020-02-26,ETHUSDT,246.67,250.32,215.66,223.93,1287623.05,299185710.9
1582761600,2020-02-27,ETHUSDT,223.93,238.3,210,227.79,1183975.86,267102825
1582848000,2020-02-28,ETHUSDT,227.79,234.67,214.01,226.76,986146.67,220679444.2
1582934400,2020-02-29,ETHUSDT,226.76,233,217,217.21,515094.86,116461305.2
1583020800,2020-03-01,ETHUSDT,217.21,227.89,212.36,217.81,668295.93,146809249
1583107200,2020-03-02,ETHUSDT,217.81,234.4,216.07,231.97,758006.68,171170074.6
1583193600,2020-03-03,ETHUSDT,231.97,232.46,219.57,223.91,700272.18,158748020.4
1583280000,2020-03-04,ETHUSDT,223.91,228.85,220.23,224.26,425050.28,95438066.19
1583366400,2020-03-05,ETHUSDT,224.26,234.09,224.23,228.38,601479.88,138081898.3
1583452800,2020-03-06,ETHUSDT,228.38,245.16,227.33,244.88,628147.33,148563741.8
1583539200,2020-03-07,ETHUSDT,244.88,251.93,236,237.23,633748.9,154037325.6
1583625600,2020-03-08,ETHUSDT,237.23,237.23,195.5,199.43,1278973.54,277970187.9
1583712000,2020-03-09,ETHUSDT,199.43,208.62,190,202.81,1661331.84,332570408.5
1583798400,2020-03-10,ETHUSDT,202.81,206.2,195.54,200.7,1020260.11,205536190.2
1583884800,2020-03-11,ETHUSDT,200.7,203.18,181.73,194.61,1079824.9,208232375.2
1583971200,2020-03-12,ETHUSDT,194.61,195.55,101.2,107.82,3814533.14,548668262.2
1584057600,2020-03-13,ETHUSDT,107.82,139.68,86,134.06,4663239.93,560710331.8
1584144000,2020-03-14,ETHUSDT,134.06,134.68,120,122.54,1237674.89,159192895.6
1584230400,2020-03-15,ETHUSDT,122.54,133.5,120.16,123.78,1312950.9,163436235.3
1584316800,2020-03-16,ETHUSDT,123.78,124.33,101.1,111.02,2442064.14,270353891.8
1584403200,2020-03-17,ETHUSDT,111.02,120.8,109.38,115.67,1295108.48,150800664.1
1584489600,2020-03-18,ETHUSDT,115.67,118.5,109.86,118.11,1201850.31,137550912.1
1584576000,2020-03-19,ETHUSDT,118.11,143.13,115.46,136.3,1801071.19,231626928.2
1584662400,2020-03-20,ETHUSDT,136.3,152.55,116.74,133.48,2504057.64,345856006.8
1584748800,2020-03-21,ETHUSDT,133.48,137.49,125.69,132.66,1231842.11,162468451.8
1584835200,2020-03-22,ETHUSDT,132.66,137.13,121.1,122.32,1055699.87,135927941.1
1584921600,2020-03-23,ETHUSDT,122.32,137.5,119.5,135.92,1436796.12,184851609.1
1585008000,2020-03-24,ETHUSDT,135.92,143.36,132.2,138.42,1244377.16,171156363.7
1585094400,2020-03-25,ETHUSDT,138.42,142.33,132.54,136.1,1034248.74,141795323
1585180800,2020-03-26,ETHUSDT,136.1,139.74,133.26,138.4,751060.63,101918769.7
1585267200,2020-03-27,ETHUSDT,138.4,141.27,129.68,131.33,706948.55,96581886.88
1585353600,2020-03-28,ETHUSDT,131.33,132.97,124.88,130.98,896032.11,115166652
1585440000,2020-03-29,ETHUSDT,130.98,131.84,123.81,124.5,543997,69434202.21
1585526400,2020-03-30,ETHUSDT,124.5,135.42,124.06,132.06,764831.93,100271145.9
1585612800,2020-03-31,ETHUSDT,132.06,135,130.38,132.72,547669.28,72618183.48
1585699200,2020-04-01,ETHUSDT,132.72,136.99,128.62,135.69,680922.25,90063924.23
1585785600,2020-04-02,ETHUSDT,135.69,149.76,135.01,141.28,1138977.66,159989506.6
1585872000,2020-04-03,ETHUSDT,141.28,146.72,137.26,141.31,797546.11,113731706.7
1585958400,2020-04-04,ETHUSDT,141.31,146.28,138.88,144.1,553347.21,78771621.25
1586044800,2020-04-05,ETHUSDT,144.1,145.58,140.68,142.68,414987.45,59383946.13
1586131200,2020-04-06,ETHUSDT,142.68,172,142.6,171.32,1636338.73,257097597.8
1586217600,2020-04-07,ETHUSDT,171.32,176.22,162.22,164.63,1717962.83,292710722.6
1586304000,2020-04-08,ETHUSDT,164.63,174.48,163.59,173.11,1023575.92,173916484.8
1586390400,2020-04-09,ETHUSDT,173.11,173.38,165.19,169.52,719837.24,122531132
1586476800,2020-04-10,ETHUSDT,169.52,170.1,152.11,157.81,1314841.36,209535613.3
1586563200,2020-04-11,ETHUSDT,157.81,161.37,153.91,158.33,621599.61,98275533.06
1586649600,2020-04-12,ETHUSDT,158.33,164.78,155,158.59,809100.25,129919934.4
1586736000,2020-04-13,ETHUSDT,158.59,158.97,150,156.29,1042091.04,160423270.3
1586822400,2020-04-14,ETHUSDT,156.29,161.85,155.23,158.45,698030.65,110710086.1
1586908800,2020-04-15,ETHUSDT,158.45,161.29,152,152.73,729119.67,114640840.1
1586995200,2020-04-16,ETHUSDT,152.73,174.79,148.33,172.29,1647207.6,273639160.1
1587081600,2020-04-17,ETHUSDT,172.29,174.96,168.31,170.69,723537.76,123553456.3
1587168000,2020-04-18,ETHUSDT,170.69,189.54,170.48,187.4,1127296.37,203132212
1587254400,2020-04-19,ETHUSDT,187.4,188.35,175.75,180.03,995759.58,181415813.5
1587340800,2020-04-20,ETHUSDT,180.03,186.46,166.7,170.2,1547821.53,273854539.8
1587427200,2020-04-21,ETHUSDT,170.2,174.7,168,170.74,906381.65,155292048.4
1587513600,2020-04-22,ETHUSDT,170.74,184,169.78,182.7,988698.39,176079076.9
1587600000,2020-04-23,ETHUSDT,182.7,193.63,178.16,185.51,1457867.09,270862911.4
1587686400,2020-04-24,ETHUSDT,185.51,189.8,184.72,187.59,780904.21,146419748.1
1587772800,2020-04-25,ETHUSDT,187.59,198.36,185.76,194.21,866478.05,167703202.4
1587859200,2020-04-26,ETHUSDT,194.21,200,192.3,197.38,758525.82,148433709.8
1587945600,2020-04-27,ETHUSDT,197.38,199.05,189.29,196.34,896627.37,174775637.9
1588032000,2020-04-28,ETHUSDT,196.34,198.5,192.36,196.24,636829.89,124476041.9
1588118400,2020-04-29,ETHUSDT,196.24,218.77,196.22,215.36,1620422.72,338324593.6
1588204800,2020-04-30,ETHUSDT,215.36,227.3,202,206.08,1749691,374893029.8
1588291200,2020-05-01,ETHUSDT,206.08,217.14,205.91,212.02,794913.96,168339123.4
1588377600,2020-05-02,ETHUSDT,212.02,215.37,210.36,213.9,443494.67,94389501.52
1588464000,2020-05-03,ETHUSDT,213.9,219.3,203.92,209.86,748383.91,158874887.1
1588550400,2020-05-04,ETHUSDT,209.86,210.65,194.88,206.48,1114249.33,225451167.7
1588636800,2020-05-05,ETHUSDT,206.48,211.68,201,205.29,640644.66,131906204.9
1588723200,2020-05-06,ETHUSDT,205.29,210.77,197.71,198.97,862700.68,178157452.6
1588809600,2020-05-07,ETHUSDT,198.97,215.1,196.43,212,1305778.74,271197927.7
1588896000,2020-05-08,ETHUSDT,212,216.61,206.9,211.31,917908.19,194579529.4
1588982400,2020-05-09,ETHUSDT,211.31,214.6,208.4,210.07,587871.98,124626471.4
1589068800,2020-05-10,ETHUSDT,210.07,210.18,179.59,187.54,1473226.05,278394290.8
1589155200,2020-05-11,ETHUSDT,187.54,193.5,176,185.73,1093299.82,203391530.2
1589241600,2020-05-12,ETHUSDT,185.73,192.24,185.48,189.76,669755.8,126810812.2
1589328000,2020-05-13,ETHUSDT,189.76,201,188.35,199.58,806143.01,156637596.4
1589414400,2020-05-14,ETHUSDT,199.58,206.02,195.67,203.29,1114700.25,224233786.1
1589500800,2020-05-15,ETHUSDT,203.29,204.08,191.66,194.86,904749.64,179634085.6
1589587200,2020-05-16,ETHUSDT,194.86,203.5,193.21,200.45,669900.04,134060788.5
1589673600,2020-05-17,ETHUSDT,200.45,209.85,199.68,207,708711.89,145341278.7
1589760000,2020-05-18,ETHUSDT,207,217.07,207,214.91,1064139.25,226789027.2
1589846400,2020-05-19,ETHUSDT,214.91,215.95,209.45,214.58,643702.99,136846948.6
1589932800,2020-05-20,ETHUSDT,214.58,215.75,204.27,209.98,679532.61,143704806.2
1590019200,2020-05-21,ETHUSDT,209.98,211.64,191.71,198.74,1003923.43,203445711
1590105600,2020-05-22,ETHUSDT,198.74,209.19,196.24,207.36,787672.36,159972608.5
1590192000,2020-05-23,ETHUSDT,207.36,211.2,204.55,206.6,478559.92,99461068.1
1590278400,2020-05-24,ETHUSDT,206.6,210.55,199.5,199.9,673535.06,138917619.2
1590364800,2020-05-25,ETHUSDT,199.9,205.67,198.01,204.15,469931.62,95411610.8
1590451200,2020-05-26,ETHUSDT,204.15,205,196.9,200.89,477176.74,96116808.86
1590537600,2020-05-27,ETHUSDT,200.89,208.44,200.76,208.29,494816.73,101445351
1590624000,2020-05-28,ETHUSDT,208.29,220.5,204.67,220.21,643945.98,136361627.4
1590710400,2020-05-29,ETHUSDT,220.21,224.79,217.57,220.67,603058.08,133220045.5
1590796800,2020-05-30,ETHUSDT,220.67,247,218.8,243.66,1019550.75,238678839.8
1590883200,2020-05-31,ETHUSDT,243.66,245.39,229.58,231.57,821608.69,194867426.3
1590969600,2020-06-01,ETHUSDT,231.57,250.68,230.66,248.23,823816.7,198791911.9
1591056000,2020-06-02,ETHUSDT,248.23,253.8,225,237.71,955520.92,230680327.3
1591142400,2020-06-03,ETHUSDT,237.71,245,232.71,244.52,502928.13,120179301.2
1591228800,2020-06-04,ETHUSDT,244.52,246.6,236,243.21,669369.34,162460397.6
1591315200,2020-06-05,ETHUSDT,243.21,247.87,239.14,240.03,502547.41,122084004.5
1591401600,2020-06-06,ETHUSDT,240.03,244.7,237.83,241.94,389423.08,93979350.81
1591488000,2020-06-07,ETHUSDT,241.94,245.37,234.6,244.56,571102.56,137165732.7
1591574400,2020-06-08,ETHUSDT,244.56,247.7,240.59,246.4,383116.55,93355224.97
1591660800,2020-06-09,ETHUSDT,246.4,249.82,238,243.8,420327.17,102374504.6
1591747200,2020-06-10,ETHUSDT,243.8,250.28,242,247.78,431285.62,105797248.3
1591833600,2020-06-11,ETHUSDT,247.78,250.09,226.2,230.51,816456.89,195063781.3
1591920000,2020-06-12,ETHUSDT,230.51,239.38,228.19,237.55,446515.34,105069425.1
1592006400,2020-06-13,ETHUSDT,237.55,238.73,234.66,238.11,253797.78,60087772.65
1592092800,2020-06-14,ETHUSDT,238.11,238.59,229.83,231.77,304943.21,71575514.08
1592179200,2020-06-15,ETHUSDT,231.77,233.55,218.27,230.86,875026.92,197907504.8
1592265600,2020-06-16,ETHUSDT,230.86,236,228.7,235.3,499194.67,116456364.2
1592352000,2020-06-17,ETHUSDT,235.3,237.3,227.65,233.82,478187.29,111415059.1
1592438400,2020-06-18,ETHUSDT,233.82,234.65,227.93,231.27,334347.8,77542070.33
1592524800,2020-06-19,ETHUSDT,231.27,231.95,226.74,229,397284.6,91117706.16
1592611200,2020-06-20,ETHUSDT,229,230.85,225.62,228.89,303704.99,69343699.91
1592697600,2020-06-21,ETHUSDT,228.89,231.49,227.11,228.04,256305.24,58868166.51
1592784000,2020-06-22,ETHUSDT,228.04,246.89,227.51,243.13,749030.11,178707156.2
1592870400,2020-06-23,ETHUSDT,243.13,244.87,240.75,243.14,442296.31,107457002.5
1592956800,2020-06-24,ETHUSDT,243.14,249.24,231.07,234.58,921634.05,220763040.4
1593043200,2020-06-25,ETHUSDT,234.58,235.39,227.56,232.5,613748.59,142697463.4
1593129600,2020-06-26,ETHUSDT,232.5,233.61,227.75,229.64,628340.07,144805505.2
1593216000,2020-06-27,ETHUSDT,229.64,231.42,216,220.94,645950.61,145264632.3
1593302400,2020-06-28,ETHUSDT,220.94,227.96,218.32,224.93,444766.57,99423540.14
1593388800,2020-06-29,ETHUSDT,224.93,229.96,221.26,227.93,597915.52,134510531.2
1593475200,2020-06-30,ETHUSDT,227.93,228.7,222.91,225.6,415036.03,93802207.27
1593561600,2020-07-01,ETHUSDT,225.6,232.71,224.16,230.99,517351.59,118322932.9
1593648000,2020-07-02,ETHUSDT,230.99,232.01,222.87,226.46,592485.91,134976975.1
1593734400,2020-07-03,ETHUSDT,226.46,228.13,223.97,224.87,314578.5,71286978.5
1593820800,2020-07-04,ETHUSDT,224.87,230.71,224.43,229.17,307726.47,69899468.28
1593907200,2020-07-05,ETHUSDT,229.17,229.85,223.05,227.56,355747.12,80528660.62
1593993600,2020-07-06,ETHUSDT,227.56,242,226.93,241.6,864817.51,203334727.9
1594080000,2020-07-07,ETHUSDT,241.6,243.77,234.4,239.39,600424.97,143122828.4
1594166400,2020-07-08,ETHUSDT,239.39,248.88,237.78,246.95,958185.84,233460700.8
1594252800,2020-07-09,ETHUSDT,246.95,247.9,237.88,241.98,647641.58,157541370
1594339200,2020-07-10,ETHUSDT,241.98,242.16,235.72,241.26,455025.12,108806462.5
1594425600,2020-07-11,ETHUSDT,241.26,241.67,237.54,239.19,294476.01,70548557.68
1594512000,2020-07-12,ETHUSDT,239.19,244,236.52,242.79,469315.12,112487552.4
1594598400,2020-07-13,ETHUSDT,242.79,245.33,237.33,239.5,604093.04,146193291.9
1594684800,2020-07-14,ETHUSDT,239.5,242.09,237,240.44,426320.89,102105027.1
1594771200,2020-07-15,ETHUSDT,240.44,241.45,236.83,238.61,368350.67,88059682.48
1594857600,2020-07-16,ETHUSDT,238.61,239.39,230.02,233.57,587161.74,137208323.2
1594944000,2020-07-17,ETHUSDT,233.57,234.84,231.65,232.67,325600.21,75931058.42
1595030400,2020-07-18,ETHUSDT,232.67,236.8,232.32,235.67,341356.62,80046747.83
1595116800,2020-07-19,ETHUSDT,235.67,239.92,233.28,239.11,348803.52,82120072.99
1595203200,2020-07-20,ETHUSDT,239.11,239.72,234.05,236.01,396657.92,94314378.94
1595289600,2020-07-21,ETHUSDT,236.01,246.66,235.57,245.59,637462.08,154502240.9
1595376000,2020-07-22,ETHUSDT,245.59,269.61,241.51,263.74,718417.68,180692677.2
1595462400,2020-07-23,ETHUSDT,263.74,279.98,259.7,275.3,1068774.58,287217202.7
1595548800,2020-07-24,ETHUSDT,275.3,287.34,266,279.15,926033.07,256347245.6
1595635200,2020-07-25,ETHUSDT,279.15,308.94,279.09,305.26,1058927.31,308799629.4
1595721600,2020-07-26,ETHUSDT,305.26,318.75,299,311,1270368.75,392346895.3
1595808000,2020-07-27,ETHUSDT,311,333.31,310.78,321.93,1636122.35,527292799.3
1595894400,2020-07-28,ETHUSDT,321.93,326.8,305.86,316.77,1093231.56,346187853.3
1595980800,2020-07-29,ETHUSDT,316.77,325,312.38,317.71,792802.32,254201662.1
1596067200,2020-07-30,ETHUSDT,317.71,342,314.05,334.87,1008827.57,328286452.5
1596153600,2020-07-31,ETHUSDT,334.87,349.45,328.4,346.33,948088.45,323282981
1596240000,2020-08-01,ETHUSDT,346.33,392.67,343.07,387,1440843.34,527543444.9
1596326400,2020-08-02,ETHUSDT,387,415.85,325,372.42,2324909.1,878397036.3
1596412800,2020-08-03,ETHUSDT,372.42,398,366.5,385.94,1191565.09,462170587.5
1596499200,2020-08-04,ETHUSDT,385.94,402.98,380.77,389.61,1180792.42,461794422.2
1596585600,2020-08-05,ETHUSDT,389.61,407,384.11,400.72,1124119.07,444335097.2
1596672000,2020-08-06,ETHUSDT,400.72,403.66,390.51,394.77,821379.08,325718417.7
1596758400,2020-08-07,ETHUSDT,394.77,398.26,362.85,379.34,1041207.36,398625567.1
1596844800,2020-08-08,ETHUSDT,379.34,397.05,375.79,397.03,623029.78,240999198
1596931200,2020-08-09,ETHUSDT,397.03,400,383.36,390.14,594900.58,233057462.9
1597017600,2020-08-10,ETHUSDT,390.14,399.18,385.13,395.44,826969.91,326372434.9
1597104000,2020-08-11,ETHUSDT,395.44,398.21,367,379,992412.6,381981614.6
1597190400,2020-08-12,ETHUSDT,379,389.23,365.85,387.18,751848.8,285872467.6
1597276800,2020-08-13,ETHUSDT,387.18,431.49,376.59,424.54,1511330.77,604810975.1
1597363200,2020-08-14,ETHUSDT,424.54,444.71,417.05,438.11,1109670.94,477180580.1
1597449600,2020-08-15,ETHUSDT,438.11,442.94,427.02,432.32,681698.6,296652970.5
1597536000,2020-08-16,ETHUSDT,432.32,436.99,412.47,433.62,716666.25,305445885.8
1597622400,2020-08-17,ETHUSDT,433.62,446,420.37,430.89,868870.65,375038999.5
1597708800,2020-08-18,ETHUSDT,430.89,433.81,415,421.95,743254.57,316635287
1597795200,2020-08-19,ETHUSDT,421.95,426.75,393.25,407.46,978339.69,400208683.4
1597881600,2020-08-20,ETHUSDT,407.46,418.98,402.07,415.94,663555.73,273292342.2
1597968000,2020-08-21,ETHUSDT,415.94,418.68,385.1,387.97,860998.73,347455883.5
1598054400,2020-08-22,ETHUSDT,387.97,397.04,379.92,395.24,643235.77,250069873.4
1598140800,2020-08-23,ETHUSDT,395.24,396.95,383.15,390.71,445317.82,173799978
1598227200,2020-08-24,ETHUSDT,390.71,410.42,387.44,407.68,717403.82,287991794.2
1598313600,2020-08-25,ETHUSDT,407.68,409.06,370,382.93,970445.38,375681480.2
1598400000,2020-08-26,ETHUSDT,382.93,392.91,377.37,385.81,738690.78,284504413.1
1598486400,2020-08-27,ETHUSDT,385.81,397.1,371.48,383.27,877763.74,336647752.3
1598572800,2020-08-28,ETHUSDT,383.27,398,379.75,395.11,732601.47,286555002
1598659200,2020-08-29,ETHUSDT,395.11,405.69,391.88,398.65,659802.63,263787683
1598745600,2020-08-30,ETHUSDT,398.65,429.89,398.3,428.94,894979.72,370467271.1
1598832000,2020-08-31,ETHUSDT,428.94,439,418.04,433.79,1040748.69,447866996.2
1598918400,2020-09-01,ETHUSDT,433.79,488.84,429.03,475.4,1751354.58,813662129.7
1599004800,2020-09-02,ETHUSDT,475.4,481.39,420,439.5,1880642.47,844475154.7
1599091200,2020-09-03,ETHUSDT,439.5,450.7,372,381.4,2408569.34,995567239
1599177600,2020-09-04,ETHUSDT,381.4,400.21,357,385.26,1806488.22,696658932.1
1599264000,2020-09-05,ETHUSDT,385.26,395,308.42,335.01,2777166.51,967730464.9
1599350400,2020-09-06,ETHUSDT,335.01,360,316.1,352.8,2017811.15,691925087.4
1599436800,2020-09-07,ETHUSDT,352.8,358.51,323,353.59,1740618.42,596754172.7
1599523200,2020-09-08,ETHUSDT,353.59,356.58,325.38,337.39,1400246.83,476444912.5
1599609600,2020-09-09,ETHUSDT,337.39,359,330.51,350.85,879760.56,304910633.8
1599696000,2020-09-10,ETHUSDT,350.85,377.25,349.91,367.93,1134287.61,416598205.7
1599782400,2020-09-11,ETHUSDT,367.93,375.27,355.49,373.63,844017.6,308822715.1
1599868800,2020-09-12,ETHUSDT,373.63,388.57,364.73,387.78,766542.32,287133871.3
1599955200,2020-09-13,ETHUSDT,387.78,390.43,350,366.42,989195.69,367969518.5
1600041600,2020-09-14,ETHUSDT,366.42,384.64,355.73,377.12,1042059.62,387238794.7
1600128000,2020-09-15,ETHUSDT,377.12,382.47,362.34,364.06,883856.33,328317009.6
1600214400,2020-09-16,ETHUSDT,364.06,373.45,355,365.11,841709.99,306622238.1
1600300800,2020-09-17,ETHUSDT,365.11,394.14,363.3,389.36,1256300.41,479026710.9
1600387200,2020-09-18,ETHUSDT,389.36,392.58,375.33,384.39,804194.47,308748579.8
1600473600,2020-09-19,ETHUSDT,384.39,388.72,377,385.25,570908.34,218785730.1
1600560000,2020-09-20,ETHUSDT,385.25,385.45,365,371.04,693164.4,259700927.5
1600646400,2020-09-21,ETHUSDT,371.04,376.8,331,340.36,1283946.03,452134893.6
1600732800,2020-09-22,ETHUSDT,340.36,346.91,335.34,344.21,842731.13,288166815.5
1600819200,2020-09-23,ETHUSDT,344.21,344.65,313.29,320.72,940904.5,313808761.1
1600905600,2020-09-24,ETHUSDT,320.72,353.1,316.67,348.97,1071705.1,360708689.4
1600992000,2020-09-25,ETHUSDT,348.97,358,337.58,351.92,860643.78,298266918.8
1601078400,2020-09-26,ETHUSDT,351.92,356.4,345.88,353.92,530879.21,186812160.4
1601164800,2020-09-27,ETHUSDT,353.92,362.14,347.24,357.49,569568.55,202411362.7
1601251200,2020-09-28,ETHUSDT,357.49,368.2,351.7,353.96,757758.43,273063157.8
1601337600,2020-09-29,ETHUSDT,353.96,360.63,350.45,359.79,585143.17,208028826.5
1601424000,2020-09-30,ETHUSDT,359.79,361.5,351.56,359.83,498943.23,177784824.5
1601510400,2020-10-01,ETHUSDT,359.83,370.45,345.51,352.85,758349.32,271468849.8
1601596800,2020-10-02,ETHUSDT,352.85,354.55,334.24,345.6,733571.84,251829017.5
1601683200,2020-10-03,ETHUSDT,345.6,351,343.7,345.95,303595.72,105401893.4
1601769600,2020-10-04,ETHUSDT,345.95,354.45,343.81,352.37,343932.92,119961274.7
1601856000,2020-10-05,ETHUSDT,352.37,356.1,348.54,353.62,376740.31,132656713
1601942400,2020-10-06,ETHUSDT,353.62,355.1,336.8,340.75,640063.27,221765553.6
1602028800,2020-10-07,ETHUSDT,340.75,342.85,332.18,341.58,541928.86,183873686.4
1602115200,2020-10-08,ETHUSDT,341.58,353.32,334.21,350.95,631794.88,217322067
1602201600,2020-10-09,ETHUSDT,350.95,368.33,347.32,365.02,650478.19,232878561.9
1602288000,2020-10-10,ETHUSDT,365.02,378.4,364.71,370.52,591005.32,220607973
1602374400,2020-10-11,ETHUSDT,370.52,377.6,368.87,374.16,373318.24,139329772.5
1602460800,2020-10-12,ETHUSDT,374.16,394.8,365.58,386.51,844422.65,320587055.5
1602547200,2020-10-13,ETHUSDT,386.51,387.75,374.51,381.04,645141.91,246276552
1602633600,2020-10-14,ETHUSDT,381.04,387.41,373.13,378.69,569557.83,216288027
1602720000,2020-10-15,ETHUSDT,378.69,381.79,369.85,377.64,634038.09,238396852.8
1602806400,2020-10-16,ETHUSDT,377.64,379.83,361.18,365.5,654029.36,241127894.7
1602892800,2020-10-17,ETHUSDT,365.5,370.46,363.36,368.32,285578.25,104838880.5
1602979200,2020-10-18,ETHUSDT,368.32,378.64,367.1,378.11,323468.47,120818450.6
1603065600,2020-10-19,ETHUSDT,378.11,384.32,372.5,379.3,577252.9,218372640
1603152000,2020-10-20,ETHUSDT,379.3,380.73,365.27,368.52,617309.82,229928443.8
1603238400,2020-10-21,ETHUSDT,368.52,401.49,367.74,390.38,1221663.64,472488832.7
1603324800,2020-10-22,ETHUSDT,390.38,420.73,390.21,413.98,1095897.21,447211002.5
1603411200,2020-10-23,ETHUSDT,413.98,419.33,401.3,409.11,727832.32,299943190.9
1603497600,2020-10-24,ETHUSDT,409.11,416.66,407,412.14,419236.87,172799824.7
1603584000,2020-10-25,ETHUSDT,412.14,417.4,402.5,405.86,415586.98,170054743.3
1603670400,2020-10-26,ETHUSDT,405.86,411.11,382.3,392.52,895142.67,356208480.6
1603756800,2020-10-27,ETHUSDT,392.52,410.25,389.9,403.45,754261.74,302529716.9
1603843200,2020-10-28,ETHUSDT,403.45,409.2,380.52,388.23,855275.47,335751199.3
1603929600,2020-10-29,ETHUSDT,388.23,393.72,380.52,387.13,573096.01,222669504.9
1604016000,2020-10-30,ETHUSDT,387.13,391.97,373.29,382.49,771750.75,294342546
1604102400,2020-10-31,ETHUSDT,382.49,394.88,379.9,386.46,467453.81,181136851.5
1604188800,2020-11-01,ETHUSDT,386.46,398.29,384.61,396.67,438952.96,171238317.7
1604275200,2020-11-02,ETHUSDT,396.67,404.5,377.92,383.02,779968.58,304223545.9
1604361600,2020-11-03,ETHUSDT,383.02,390,370.23,387.88,752954.37,286291774
1604448000,2020-11-04,ETHUSDT,387.88,408.39,376.47,402.49,1157064.35,454481208.4
1604534400,2020-11-05,ETHUSDT,402.49,420.4,396.14,416.69,1475139.77,601591250.4
1604620800,2020-11-06,ETHUSDT,416.69,458.27,414.76,455.91,1682440.96,736015135.6
1604707200,2020-11-07,ETHUSDT,455.91,468.28,424.14,435.21,1653416.6,743871175.8
1604793600,2020-11-08,ETHUSDT,435.21,460.1,431.99,454.3,840908.47,375679148.2
1604880000,2020-11-09,ETHUSDT,454.3,459.1,433.09,444.32,1099213.25,491928165
1604966400,2020-11-10,ETHUSDT,444.32,455,438.7,450.34,866872.41,388190148.2
1605052800,2020-11-11,ETHUSDT,450.34,476.25,449.28,463.09,1205782.84,559228791.9
1605139200,2020-11-12,ETHUSDT,463.09,470,451.2,462.39,990776.63,455971309.2
1605225600,2020-11-13,ETHUSDT,462.39,478.01,457.12,476.43,976665.1,456232937.2
1605312000,2020-11-14,ETHUSDT,476.43,477.47,452,460.89,735252.79,340142257.2
1605398400,2020-11-15,ETHUSDT,460.89,462.89,440.19,448.08,665217.57,301406126.5
1605484800,2020-11-16,ETHUSDT,448.08,466,445.45,460.55,812060.45,370889706.7
1605571200,2020-11-17,ETHUSDT,460.55,484.88,459.8,482.15,1151573.37,544239665.4
1605657600,2020-11-18,ETHUSDT,482.15,495.31,456.6,478.41,1477696.29,706704397.4
1605744000,2020-11-19,ETHUSDT,478.41,480.75,464.86,471.25,817418.53,387199111.4
1605830400,2020-11-20,ETHUSDT,471.25,488.07,470.65,483.53,286124.38,137988031.3